Frequency_log,Monetary_log
0.3944118710543379,-0.05946746281518632
0.06777644082114828,-0.1415521259752279
-0.9468458783258473,-1.0957398812516923
0.06777644082114828,0.4335725712561133
-0.9468458783258473,-1.0693170717977625
-0.9468458783258473,-0.6737423613133405
1.0823987599681437,1.1246516677934226
3.7939011581864657,3.5971455298689756
2.5631706535063725,2.200053214068872
0.6612924499168739,0.8158065679302898
0.8869367642139765,0.8302156040317469
-0.3533298692301219,-0.4029548101615885
-0.9468458783258473,-0.7039964398523373
-0.9468458783258473,-0.6887655268038353
0.06777644082114828,0.4120758870749073
-0.9468458783258473,-1.6177671263198774
-0.9468458783258473,-1.3618560317797934
0.3944118710543379,-0.10877620937526672
-0.9468458783258473,0.3178424959702359
-0.9468458783258473,-0.8586423560782868
-0.3533298692301219,-0.11054543303818154
1.2548084590125999,0.9847465834611099
0.06777644082114828,-0.2295273637371058
0.3944118710543379,0.5384940739717713
0.06777644082114828,-1.0197011647454395
0.3944118710543379,0.11219184766369351
0.6612924499168739,0.1885304964050558
-0.9468458783258473,-1.319780387635784
-0.3533298692301219,0.27291660303690857
3.2003851490907405,2.4009846360123848
0.3944118710543379,0.307967167677653
-0.9468458783258473,-1.2738305097170017
0.3944118710543379,1.5344598001650116
-0.9468458783258473,-0.7037840083099515
2.185762829943745,1.2931441286673646
0.3944118710543379,1.2072075602221828
-0.9468458783258473,-1.0580775458168057
1.5485483343593769,1.1458006700654628
-0.3533298692301219,-1.5046892449271876
0.6612924499168739,0.3483564738085631
1.2548084590125999,0.5469780221697803
0.06777644082114828,-0.015421666208420814
1.4090341902013341,1.7981489857263246
-0.3533298692301219,0.6274864977006247
-0.9468458783258473,-0.4865117080890747
0.06777644082114828,-0.19453055210079698
0.06777644082114828,0.2623164679685671
-0.3533298692301219,-0.598432623293882
-0.3533298692301219,-0.019611460777121385
-0.9468458783258473,-0.6464666390658875
-0.3533298692301219,0.25073674095202425
0.3944118710543379,0.5724315030410126
-0.9468458783258473,0.4690177820434128
2.7502919395815186,1.4475366972411166
0.6612924499168739,1.1731494260440116
-0.9468458783258473,-1.7902332294705117
0.06777644082114828,-0.9677960328758785
1.0823987599681437,1.0206440936447017
-0.9468458783258473,-0.5232013806755127
0.3944118710543379,0.3392206943262947
1.2548084590125999,0.7690175894403659
0.3944118710543379,0.37160216388812545
0.6612924499168739,0.4013506706710404
0.3944118710543379,0.7605510177571325
3.065169952481378,2.4919506620033975
0.06777644082114828,0.5197276776276345
0.06777644082114828,0.2643543150259506
-0.3533298692301219,1.452590585610131
-0.9468458783258473,-1.1566686826637926
-0.9468458783258473,-0.49845979570180066
-0.3533298692301219,0.3100043691853541
-0.9468458783258473,-1.5694264742041666
0.8869367642139765,0.03905113464944197
-0.9468458783258473,-1.3501597298211634
-0.9468458783258473,-1.6693052781666875
0.8869367642139765,0.8867442661511465
1.2548084590125999,0.6627283848176978
-0.9468458783258473,-0.8563580845578476
-0.3533298692301219,-0.08351582366682608
-0.9468458783258473,-0.3719501006921354
-0.3533298692301219,-0.7584442370221155
-0.9468458783258473,-0.6643361346143839
-0.9468458783258473,-0.0993268316253072
-0.9468458783258473,-0.25507642102824923
0.6612924499168739,0.3638071632659301
-0.3533298692301219,-0.6980959304949687
1.0823987599681437,1.081524041586951
-0.9468458783258473,-0.9321193083724877
-0.9468458783258473,-0.739121480773541
0.06777644082114828,0.7456782672682332
-0.9468458783258473,1.1606222791008047
0.3944118710543379,-0.0919753947055078
0.6612924499168739,0.849920957574464
0.06777644082114828,0.7717443797424688
1.0823987599681437,0.9522481791891209
-0.3533298692301219,0.08886882136392234
-0.3533298692301219,-0.15902194551319157
-0.9468458783258473,-1.547717585275458
-0.3533298692301219,-0.31849441796936706
-0.3533298692301219,-0.8423771835917495
1.7930805312111269,0.90439885956953
-0.3533298692301219,0.43364307764119486
-0.3533298692301219,-0.552086089093581
0.06777644082114828,-0.10570202331099286
-0.3533298692301219,-0.36272559126535425
-0.9468458783258473,-0.3907961844008146
-0.9468458783258473,-0.9310604997637675
-0.9468458783258473,-1.215443885641076
-0.9468458783258473,0.31120777397895166
2.423656509348329,1.7085135055824234
-0.3533298692301219,0.16754547275207268
-0.9468458783258473,-2.8058023449208216
2.185762829943745,1.5106012352404663
-0.3533298692301219,-0.6367631459019935
2.0970210791151396,1.9804637007820496
-0.3533298692301219,0.3233934757225013
-0.9468458783258473,-0.5389923015097844
-0.9468458783258473,-1.1114922640957912
-0.9468458783258473,-0.2837582616925556
-0.9468458783258473,-0.8502771227887596
1.9015590833609726,0.6283060706259969
-0.9468458783258473,-2.0343743087189154
1.0823987599681437,1.0328349653917015
-0.9468458783258473,-0.6332304209359595
2.807702850358123,1.913218807942764
-0.9468458783258473,-0.7683122131402024
-0.3533298692301219,-0.11664120980439077
-0.3533298692301219,-0.7510025882574994
-0.9468458783258473,-1.16683233457248
-0.9468458783258473,0.5438733927443654
1.4090341902013341,0.8443928063713076
1.4090341902013341,0.9429885729206431
-0.3533298692301219,-0.8830791198216802
-0.9468458783258473,-1.4964258706625047
-0.3533298692301219,-0.4959985213540883
0.6612924499168739,0.9843118755668715
0.06777644082114828,-0.4632949802387275
-0.9468458783258473,-1.6062045328965782
-0.3533298692301219,-0.9975900318949158
1.6759147690638698,1.5042853985004405
-0.3533298692301219,-1.2844008464166334
0.06777644082114828,0.5162378617879329
-0.9468458783258473,-1.3661574974031618
0.06777644082114828,0.7018650816070553
0.3944118710543379,1.3140326379337746
0.3944118710543379,-0.2293512322588761
0.3944118710543379,0.9206441809722968
0.6612924499168739,0.6980235260000454
0.06777644082114828,-0.6879061137834914
-0.9468458783258473,-0.7974432589599207
2.002550199297059,1.5738882645127816
0.06777644082114828,0.23411665882243055
-0.9468458783258473,-0.3927378336913682
0.8869367642139765,0.9651813755916794
-0.3533298692301219,-0.22762133432841197
-0.9468458783258473,-1.6408919521626268
3.642861044333839,3.512484402051244
-0.9468458783258473,-1.3603469181450554
0.6612924499168739,0.7598136950877659
1.2548084590125999,0.7527255692304524
0.8869367642139765,0.5101098439413664
-0.9468458783258473,0.7077068373201746
5.808724097674936,4.231610058709164
-0.3533298692301219,0.14196366814530964
-0.9468458783258473,-0.6412440650504098
-0.9468458783258473,-1.8842994894434775
-0.9468458783258473,-1.7948905620525106
-0.3533298692301219,-0.8049700952796608
-0.9468458783258473,-0.4557617930270442
0.3944118710543379,0.5272780029908845
1.5485483343593769,1.3725334823002397
0.3944118710543379,-0.2104962908901669
1.0823987599681437,0.46369573142565457
-0.9468458783258473,-1.3947265990638507
-0.9468458783258473,-1.5748484113763812
-0.9468458783258473,-0.6799806626429103
0.8869367642139765,0.16353137228142892
0.6612924499168739,1.1433488215687209
-0.3533298692301219,-0.011443691989524963
1.0823987599681437,1.0383302494995896
0.06777644082114828,-0.7916145603919787
-0.9468458783258473,-2.1015172120278285
-0.9468458783258473,-1.2289932716015013
-0.9468458783258473,-0.287332047756546
-0.9468458783258473,-1.5856438984629837
-0.9468458783258473,-1.481061896247313
-0.9468458783258473,0.14403726292970792
-0.9468458783258473,-1.087335057476765
-0.3533298692301219,0.810269030157499
0.6612924499168739,0.6234619521656097
-0.9468458783258473,-0.789424922054597
-0.9468458783258473,0.05526728447803228
1.0823987599681437,-1.0236114451904896
-0.9468458783258473,-0.5835818276305
0.3944118710543379,-0.1277837057633531
-0.3533298692301219,-0.0564583877006106
-0.3533298692301219,0.11143485254459934
-0.9468458783258473,0.014943094881074773
1.0823987599681437,0.7134520420515439
1.0823987599681437,0.9132089589095057
1.0823987599681437,2.1556190098398726
2.002550199297059,2.069961265121336
0.8869367642139765,1.2068027612249583
0.6612924499168739,-0.05129593982443741
-0.3533298692301219,-0.7325443075201176
-0.3533298692301219,-0.13029543448553443
-0.9468458783258473,-0.8464284553872491
-0.9468458783258473,0.7538819386438939
-0.3533298692301219,-1.2443395770720025
0.06777644082114828,0.24963241889306098
-0.9468458783258473,-1.2497311741733894
0.8869367642139765,0.5259940946482471
-0.9468458783258473,-0.895330121401501
-0.3533298692301219,-0.587062219197925
-0.9468458783258473,-1.140285754440583
2.348573867785618,1.7759198433533743
-0.9468458783258473,-0.4742609114743319
0.8869367642139765,1.0048563498487526
-0.3533298692301219,2.087818313456859
-0.9468458783258473,-0.7013980309536803
0.3944118710543379,0.4960825815645422
-0.9468458783258473,-1.0884076788990364
-0.9468458783258473,0.056757043163352144
-0.9468458783258473,-0.3366796733172562
-0.9468458783258473,-2.031021163911042
0.06777644082114828,1.214637905535808
0.3944118710543379,-0.04633002494839278
-0.9468458783258473,-0.6292293020992088
0.8869367642139765,1.2899759305667529
-0.3533298692301219,-2.091831372483818
0.6612924499168739,0.9026529636897632
0.06777644082114828,-0.35742059378647606
0.06777644082114828,0.29461268051633016
2.807702850358123,1.5028309017918637
0.06777644082114828,-0.2583110567794965
0.6612924499168739,-0.12026986283898908
-0.3533298692301219,-0.3675599952994992
1.0823987599681437,0.4753761249291
-0.3533298692301219,-0.5975021430293603
-0.3533298692301219,0.7586786813044897
0.06777644082114828,0.09807506889848223
-0.3533298692301219,0.08448846748267756
0.06777644082114828,1.1382816536909988
-0.9468458783258473,-1.2412155026166571
-0.9468458783258473,-0.9835329599370015
0.06777644082114828,-0.5993175827452363
-0.3533298692301219,0.47396955063121166
2.002550199297059,1.6335719291746573
-0.9468458783258473,-0.24013707609086712
-0.9468458783258473,-0.7605791225739208
3.017172518444055,2.6643808091206767
-0.9468458783258473,-0.5266410877878379
0.06777644082114828,-0.09212374172583264
2.862946787255321,3.4809926350041334
1.0823987599681437,1.4559940112062295
-0.9468458783258473,-1.0007390922139896
-0.9468458783258473,-0.49444362039007456
0.06777644082114828,-0.6264524263196263
0.6612924499168739,0.8472954508866024
-0.9468458783258473,-0.1726731256209204
0.8869367642139765,0.6999557991078305
0.06777644082114828,-0.13922776340440324
-0.3533298692301219,-0.8182459155071554
-0.9468458783258473,-0.19888417524466684
0.6612924499168739,0.6099398616973759
-0.9468458783258473,-0.9939571570042012
1.6759147690638698,0.8510631092830782
-0.9468458783258473,-0.7026431538689218
0.06777644082114828,0.7431919702677185
-0.9468458783258473,-0.8847750221824233
0.06777644082114828,0.8011495313298513
1.4090341902013341,0.9990875507278705
1.5485483343593769,0.7631963719962314
-0.9468458783258473,-0.9185670378124748
-0.9468458783258473,-0.2379682466378645
-0.9468458783258473,-1.4635137191411498
-0.9468458783258473,-1.7907493744244583
1.9015590833609726,1.502353911461166
0.6612924499168739,0.3730760515634328
1.2548084590125999,1.23748443985429
-0.3533298692301219,0.5032003971836194
-0.9468458783258473,-0.2889272909909555
1.0823987599681437,1.3457943560275278
0.06777644082114828,-0.23118783912213484
0.06777644082114828,-0.0276238880604692
0.06777644082114828,-0.8442103754657977
-0.3533298692301219,0.12443379547219227
0.8869367642139765,0.7840129552269915
0.3944118710543379,0.7258084734363471
0.6612924499168739,1.0800622228501582
1.2548084590125999,0.6624587607566468
0.06777644082114828,0.05397047975039241
1.2548084590125999,0.6607232908195839
-0.3533298692301219,0.3754713757132247
-0.9468458783258473,-1.2943903677245072
-0.3533298692301219,0.19018298536298162
-0.9468458783258473,-0.5028885990542461
-0.9468458783258473,-1.0127963834786904
-0.3533298692301219,-0.4502306006298094
-0.9468458783258473,-0.2646050700950006
-0.9468458783258473,-0.5683512500838276
0.6612924499168739,0.5295554331474529
0.3944118710543379,0.0030229123599565745
0.8869367642139765,1.1312759008200437
-0.9468458783258473,-0.6354213103682297
0.3944118710543379,0.4549626131942809
-0.3533298692301219,0.5970010261352424
1.2548084590125999,0.34662196511990045
-0.3533298692301219,-0.29142921570803487
1.9015590833609726,1.5562780247410115
1.5485483343593769,1.1963858816193444
0.6612924499168739,0.2854788510810226
-0.9468458783258473,-0.8375300225691138
-0.9468458783258473,-0.44866552895286427
1.0823987599681437,0.5095096107460024
2.269430778159595,1.0844169553651493
-0.9468458783258473,-0.4489165071927499
0.3944118710543379,0.758084931601933
1.2548084590125999,1.6754162431421178
1.6759147690638698,2.932274702195827
0.06777644082114828,-0.5643932655142958
-0.9468458783258473,-0.8959037403275885
-0.3533298692301219,-0.8443369574144747
0.6612924499168739,0.6690815237147325
-0.9468458783258473,-0.44029337045672
1.0823987599681437,0.7315139889983971
0.06777644082114828,-0.15922359070798425
-0.3533298692301219,-0.9435012989616719
1.6759147690638698,1.5457643182234728
-0.9468458783258473,-0.97016285966087
3.156686662602098,2.077929623964398
-0.9468458783258473,-1.7926102574513256
0.6612924499168739,-0.1514234632947365
-0.9468458783258473,-0.8047291007063263
-0.9468458783258473,-0.9954465528773351
0.6612924499168739,0.6642721581763378
-0.9468458783258473,-0.7039433266800359
0.3944118710543379,1.3710369696648734
-0.9468458783258473,-1.326400278875643
-0.3533298692301219,-0.33678037369991765
-0.3533298692301219,-0.8110186670653463
1.4090341902013341,0.3939626917103244
-0.9468458783258473,-0.5781624906928094
-0.3533298692301219,0.25128430622722964
0.06777644082114828,0.263554067890488
1.0823987599681437,0.13793941888986383
-0.9468458783258473,-1.0665967984494207
-0.3533298692301219,0.09224398973644256
-0.9468458783258473,-1.5408872502993458
1.0823987599681437,0.623947180317819
0.06777644082114828,-0.2531388727745249
-0.3533298692301219,-0.5957140085797522
-0.3533298692301219,-0.33333022414148794
-0.9468458783258473,0.21986122773332345
-0.9468458783258473,-0.3144198915041527
-0.9468458783258473,-1.2202385809480112
0.6612924499168739,0.6178656708606519
-0.9468458783258473,-0.4196638577169618
1.7930805312111269,1.621102750059078
0.06777644082114828,0.6434543324727848
0.3944118710543379,0.11387574761319864
-0.3533298692301219,-0.2463791666341461
-0.9468458783258473,-0.29917441035061987
-0.3533298692301219,-0.11408295026202504
0.8869367642139765,0.7118690875821448
1.2548084590125999,0.4890863039655212
0.3944118710543379,0.8219928104437596
0.6612924499168739,0.74250383222027
0.06777644082114828,-0.33221128610583117
0.3944118710543379,0.08538032414950203
-0.3533298692301219,-0.723730954076095
-0.9468458783258473,-0.5551010862138055
1.0823987599681437,0.06919304253023222
0.3944118710543379,0.754513152665371
-0.9468458783258473,-0.6388168466215551
-0.9468458783258473,0.46079526808703575
-0.3533298692301219,-0.20812033128047272
0.3944118710543379,0.6147640530017413
-0.9468458783258473,-0.5516468921320578
-0.9468458783258473,-1.2802432400340027
-0.3533298692301219,-0.4219942459644674
1.4090341902013341,1.2904001077278378
-0.9468458783258473,-0.5512737641328406
-0.9468458783258473,-0.050520915776815965
-0.9468458783258473,-1.5005109657487998
-0.9468458783258473,-0.28501592544623117
-0.9468458783258473,-0.46877895735615654
0.6612924499168739,0.9328790148841393
-0.9468458783258473,-0.2548491217916856
-0.3533298692301219,-0.6658286570769216
1.0823987599681437,1.1846890143528925
0.3944118710543379,0.6433803603020135
-0.9468458783258473,-1.350457509442591
0.6612924499168739,0.06614522995385407
-0.9468458783258473,-0.6694831542045395
-0.9468458783258473,-1.073604536109199
-0.3533298692301219,-0.4110723223506204
-0.3533298692301219,-0.5071135946484314
0.06777644082114828,0.08951937762269763
-0.3533298692301219,-0.13585175580416844
1.5485483343593769,1.2904176853489622
-0.9468458783258473,0.18975714357063012
-0.9468458783258473,-0.3992442331344787
0.8869367642139765,-0.122193065541333
0.8869367642139765,1.3335636969749785
1.5485483343593769,0.979258414306896
-0.3533298692301219,-0.808866186428462
-0.3533298692301219,-0.9686827728262739
2.269430778159595,1.7638911338348369
1.9015590833609726,1.7769194060659177
-0.9468458783258473,-1.497498875591992
0.06777644082114828,-0.24015195137267034
0.8869367642139765,-0.4736233947080487
-0.3533298692301219,-0.2515077073180082
2.6905370882108657,1.9353272762975073
-0.9468458783258473,-0.797741782808262
-0.3533298692301219,-0.5704836925128883
0.06777644082114828,0.5290947765715124
-0.9468458783258473,0.16291133589328366
-0.9468458783258473,-0.12082070856004305
-0.9468458783258473,-0.35692128332875506
-0.9468458783258473,-0.7096732672553402
0.8869367642139765,0.5361968686520217
-0.3533298692301219,-0.36771699386157974
-0.3533298692301219,0.026794898743295065
-0.9468458783258473,-1.671081711134407
0.3944118710543379,1.7303155361231202
-0.9468458783258473,-0.9345598975620493
0.6612924499168739,0.6081174680368943
-0.3533298692301219,-0.9656571256557092
-0.9468458783258473,-0.8588679194492898
0.06777644082114828,-0.40958191759296014
0.06777644082114828,-0.0780306567284287
-0.3533298692301219,-0.20419971009901566
0.06777644082114828,0.45273150574868054
-0.9468458783258473,0.39806735201604687
0.8869367642139765,1.8273558146115887
-0.9468458783258473,-0.09743284740199203
1.0823987599681437,2.331510485797123
-0.9468458783258473,-1.5414920360627622
0.3944118710543379,-0.036547361126249685
1.0823987599681437,0.9500458450803839
0.6612924499168739,0.0343252801099641
0.06777644082114828,0.32962184445990533
0.3944118710543379,0.6619144211748968
-0.3533298692301219,-0.4806440777143431
-0.9468458783258473,-1.592788252283196
-0.9468458783258473,-0.5289851475004138
-0.3533298692301219,-1.114857778516595
-0.3533298692301219,-0.10465898204469316
-0.9468458783258473,-1.0103391935681112
-0.9468458783258473,-0.08073197396406592
-0.3533298692301219,-0.2792313472220731
-0.3533298692301219,-0.2698984530461754
1.4090341902013341,0.9665294716929793
0.6612924499168739,0.8898310799561765
-0.9468458783258473,-1.1198434251350988
-0.9468458783258473,-1.511871922181527
-0.3533298692301219,-0.03599392321111056
-0.3533298692301219,-1.5711512221203612
0.3944118710543379,0.4032369910702001
0.3944118710543379,1.6302637533712983
-0.3533298692301219,-0.014433732020319829
-0.9468458783258473,-1.124635685665125
-0.3533298692301219,-0.6755087927629485
-0.9468458783258473,-1.1975308161942368
2.0970210791151396,2.0749188347004046
-0.3533298692301219,-0.673026659191031
-0.9468458783258473,-0.7853868775371847
-0.3533298692301219,-0.4438734601387672
2.5631706535063725,1.5677592629918855
0.06777644082114828,-1.7107280738234174
1.4090341902013341,0.46522521344905576
-0.3533298692301219,-0.9827801068961992
-0.9468458783258473,-1.5264336158996072
-0.9468458783258473,-1.4610477257458847
-0.9468458783258473,-0.8303760862348589
-0.9468458783258473,-0.3571795084635645
-0.9468458783258473,-0.2784975510588439
0.6612924499168739,0.6445236989727242
-0.9468458783258473,0.22242732367271448
-0.9468458783258473,-1.662766551106869
-0.3533298692301219,0.5842319674182058
-0.9468458783258473,-0.12318210770588732
0.3944118710543379,1.4406807700012634
1.5485483343593769,0.41300375883566653
-0.9468458783258473,-0.9400696722348133
-0.9468458783258473,-1.3838467382481585
3.9308037216549643,4.068483575170469
2.6282387251868435,2.8824480700450406
-0.3533298692301219,-0.49704363817610103
-0.9468458783258473,-1.3154923827885598
-0.9468458783258473,-0.40100643091505583
1.5485483343593769,1.0746744641708743
-0.9468458783258473,-1.2351068397105094
-0.9468458783258473,-0.6738190816601185
0.6612924499168739,1.2902748560008823
-0.9468458783258473,-0.6843739976332115
-0.9468458783258473,-0.7047935607290439
2.0970210791151396,1.4867576523202697
0.6612924499168739,0.8335045431951923
1.7930805312111269,1.3118259088390067
0.06777644082114828,0.8281159391021662
0.06777644082114828,0.1832720682100603
0.3944118710543379,0.6631326506620335
-0.9468458783258473,-1.9457972327343382
1.0823987599681437,1.0173624089445203
-0.3533298692301219,-0.1236577968763101
-0.3533298692301219,-0.5026820638194476
-0.3533298692301219,-0.482393813830536
-0.9468458783258473,-1.4025713304712
1.2548084590125999,1.9032619808833902
-0.9468458783258473,-1.3589008414558161
0.6612924499168739,1.3510605693255486
-0.9468458783258473,-0.8845087605128086
-0.3533298692301219,0.023388321869240024
-0.9468458783258473,-0.6241657307652122
-0.9468458783258473,-0.051883579346350066
2.423656509348329,1.2734324884983876
-0.3533298692301219,-0.44159336895543266
-0.9468458783258473,-1.3142958472205024
-0.9468458783258473,-1.2211502955415776
1.0823987599681437,1.2454145137042507
1.0823987599681437,0.49172527683350203
2.0970210791151396,3.2482325798713134
-0.3533298692301219,0.12068038778769676
0.06777644082114828,-0.982516775563131
0.06777644082114828,-0.3709335124138977
-0.9468458783258473,-3.174629560502623
0.6612924499168739,-0.2686180621212591
-0.9468458783258473,-0.42210627546326485
0.3944118710543379,-0.14383050311811515
-0.9468458783258473,-1.4785413186570047
0.06777644082114828,0.3453132441032172
-0.9468458783258473,-1.2171565830023925
-0.3533298692301219,-0.6565144502223692
-0.9468458783258473,-0.2535169317206032
-0.9468458783258473,-0.7137222176498424
0.6612924499168739,0.6445680197325079
0.6612924499168739,0.19767193532037516
-0.9468458783258473,-1.2204410944490227
0.3944118710543379,-0.0701253120217017
0.06777644082114828,0.4336943511108542
0.06777644082114828,0.2827128319055808
-0.3533298692301219,-0.685255566249622
-0.3533298692301219,-0.97016285966087
2.495075092456698,2.3700022034648174
2.0970210791151396,1.966498939591742
-0.3533298692301219,0.07608613185878306
-0.9468458783258473,0.185678461644505
-0.9468458783258473,-0.6312152365197045
-0.3533298692301219,-0.23942338752690243
-0.9468458783258473,-2.4269180195603752
-0.9468458783258473,-0.1715800670294217
-0.9468458783258473,0.10445410102022615
-0.9468458783258473,-0.7931271303343892
0.06777644082114828,0.36011290245457866
-0.3533298692301219,-0.0916540704666574
-0.9468458783258473,-1.324668064512435
1.7930805312111269,1.127145216384314
-0.9468458783258473,-1.335234922591019
-0.9468458783258473,-0.9158631431662458
1.0823987599681437,1.7628775900835743
-0.9468458783258473,-0.5180904346616119
1.5485483343593769,1.2239337244331938
-0.9468458783258473,-1.7074644636706693
3.401218859453848,2.0839850897213954
0.6612924499168739,0.1729966833700936
-0.9468458783258473,-0.3063971840846831
-0.9468458783258473,-0.2713510124052599
0.06777644082114828,1.1486149752509707
0.6612924499168739,0.5158793665769388
-0.9468458783258473,-0.7320490660211629
-0.9468458783258473,-1.4962829119762813
-0.3533298692301219,-0.10478457766373918
1.5485483343593769,1.0245497318820609
0.3944118710543379,0.2862574825171275
-0.3533298692301219,-0.7947020518213705
-0.9468458783258473,-0.044429128823339964
0.3944118710543379,-0.2678785289126548
1.0823987599681437,0.6162755527786095
-0.9468458783258473,-1.2113783432908827
-0.9468458783258473,-0.5560276714139636
0.06777644082114828,-0.023165160121691553
0.6612924499168739,0.48738607072304324
0.06777644082114828,-0.24464202531005394
1.5485483343593769,1.589433530532591
-0.3533298692301219,0.517098750581768
2.9161814025079678,1.32192939094783
-0.3533298692301219,-0.030160045675870318
0.3944118710543379,1.059026807187672
0.8869367642139765,0.7135062592994315
0.6612924499168739,0.7616706189634206
-0.9468458783258473,-0.426337514597767
-0.9468458783258473,-0.47937941133872713
-0.3533298692301219,-0.5844047640348365
1.0823987599681437,0.7725085692675259
-0.3533298692301219,-0.35699013521818757
-0.9468458783258473,-1.298287404339001
-0.9468458783258473,-0.5082357195482387
0.06777644082114828,0.31799803377194275
1.0823987599681437,0.44031301656379157
-0.9468458783258473,1.523668318438699
-0.3533298692301219,-0.30347770663165285
0.06777644082114828,0.441183341462126
0.8869367642139765,1.0380291230324759
-0.9468458783258473,-0.6844776611985578
0.3944118710543379,0.4116280180088592
-0.9468458783258473,-0.48833518403184
-0.9468458783258473,-0.4195893972276563
1.5485483343593769,1.4565547859834376
-0.9468458783258473,-0.747069296812695
-0.9468458783258473,-1.4707499093209804
-0.9468458783258473,-0.9149638712759959
1.0823987599681437,0.6305693591263589
0.8869367642139765,0.26955617696288625
0.6612924499168739,0.8555360405992279
2.6282387251868435,2.3557676283727402
0.06777644082114828,0.5380947888153861
0.06777644082114828,0.26621318502069663
2.0970210791151396,1.8808913506271605
1.4090341902013341,1.407642634250601
-0.9468458783258473,-0.9208969302815468
0.8869367642139765,0.3343885000642612
-0.9468458783258473,-1.988927043558905
0.06777644082114828,-0.6264524263196263
-0.3533298692301219,-0.4556644243705804
-0.3533298692301219,-0.41068565451399025
0.06777644082114828,-0.06801114791336565
-0.9468458783258473,-0.902989685038137
-0.3533298692301219,-0.6851777417088042
2.185762829943745,0.8290745701653391
-0.3533298692301219,-0.203204793076853
0.8869367642139765,1.27236573067521
0.06777644082114828,0.07300415989882574
-0.9468458783258473,-0.13475565668024017
0.06777644082114828,-0.3329459347111248
-0.9468458783258473,-0.7074297071048274
-0.9468458783258473,-0.7972940387839639
-0.9468458783258473,-0.5488636021587007
1.6759147690638698,1.6427590461779535
-0.9468458783258473,-0.6066913550690908
-0.3533298692301219,-0.7347766946961996
-0.9468458783258473,-1.4264467291359855
-0.9468458783258473,0.6849461735869855
1.0823987599681437,0.432674674213136
-0.9468458783258473,-0.3089868361722285
-0.9468458783258473,-0.4523221354114888
-0.9468458783258473,-1.5162566435329865
1.2548084590125999,1.3983504116800676
0.6612924499168739,0.44007144480722965
1.5485483343593769,1.0564585186493776
1.6759147690638698,0.7222368417532405
0.8869367642139765,1.0977797146196497
-0.9468458783258473,0.28460681011067057
0.3944118710543379,0.4745544012338309
1.0823987599681437,1.3954093911212513
-0.9468458783258473,-1.545054412357343
-0.3533298692301219,0.11871631654554375
-0.9468458783258473,-1.93459558094129
-0.3533298692301219,0.16389957229866828
-0.9468458783258473,-0.7089514367589074
0.06777644082114828,-0.07076305944240423
0.8869367642139765,1.286680360319836
1.5485483343593769,1.2208862457475342
-0.9468458783258473,-1.4139684608304237
-0.9468458783258473,-0.8704240807227461
1.9015590833609726,1.0312904715535718
0.06777644082114828,0.2804962170009718
-0.9468458783258473,-1.2116287054776125
-0.9468458783258473,-0.831029467185579
1.7930805312111269,0.7555512108865315
2.495075092456698,2.5308483481760704
-0.3533298692301219,1.0778214910018102
0.06777644082114828,-0.3237118647156883
-0.3533298692301219,-0.5261093031158995
-0.9468458783258473,-1.4165521038278153
1.0823987599681437,1.1400228881558656
-0.9468458783258473,-1.1563881933601379
-0.3533298692301219,0.27382494751709735
1.0823987599681437,0.9877925658983916
-0.9468458783258473,-0.6720308538073558
0.3944118710543379,0.34499109934997624
2.0970210791151396,1.0279515991605515
1.0823987599681437,0.9224939826516789
-0.9468458783258473,-1.5338150433272044
-0.3533298692301219,0.5133653934336752
1.4090341902013341,0.3331540783139575
-0.3533298692301219,-0.32924616209523827
2.807702850358123,2.0298588328376037
-0.9468458783258473,-0.37381134664761473
0.3944118710543379,-0.20667816135134665
-0.9468458783258473,-1.054818574064176
-0.3533298692301219,-0.5137653659974177
2.002550199297059,1.7873903066426324
-0.3533298692301219,-0.4456983756261764
-0.9468458783258473,-0.3282491526973502
0.06777644082114828,-0.07671979202361835
0.8869367642139765,0.12953920972882924
-0.9468458783258473,-0.6679584184644722
-0.9468458783258473,-0.3308439652057486
0.06777644082114828,0.022006612381278153
-0.9468458783258473,-1.0716681296479351
0.06777644082114828,-0.22539848782312483
-0.9468458783258473,-1.027660302484209
0.6612924499168739,0.4010703427805589
0.3944118710543379,0.7345518215002124
-0.3533298692301219,-0.4032100895760642
-0.9468458783258473,-0.6258741176903267
-0.9468458783258473,-0.7370706806926373
-0.3533298692301219,-0.830002965057836
1.6759147690638698,1.358067074037166
0.3944118710543379,0.8813007038201734
-0.3533298692301219,-0.0737660905236364
-0.3533298692301219,0.8953431186263671
2.269430778159595,2.1381388768591996
1.2548084590125999,1.7010801411582608
-0.9468458783258473,-1.3959866886382386
-0.9468458783258473,-1.139370099050814
0.8869367642139765,0.3567684850185025
1.2548084590125999,0.7498640121166366
0.06777644082114828,-0.19496625605037038
1.5485483343593769,1.2510034280264024
-0.9468458783258473,-0.14697555576411928
0.06777644082114828,1.4823911293634553
-0.3533298692301219,-0.3263582500090212
-0.3533298692301219,-0.08345467036199011
1.6759147690638698,0.8444887081072723
0.06777644082114828,0.2814812759401609
-0.3533298692301219,-0.061011928994822676
1.7930805312111269,1.105191570337455
0.8869367642139765,0.5425543249462493
0.06777644082114828,0.052898515920596516
-0.9468458783258473,-0.5842218161332873
-0.3533298692301219,0.08475612885868902
0.3944118710543379,-0.11836404620681502
-0.9468458783258473,-0.31947934103841136
-0.3533298692301219,-0.736296070695287
0.06777644082114828,-0.40833285322839713
-0.3533298692301219,0.49411789546955237
0.3944118710543379,1.2926008973007819
-0.9468458783258473,-0.5342093349349414
-0.9468458783258473,-0.2835697824822277
1.0823987599681437,1.0107428090200643
-0.9468458783258473,0.01742673663608416
-0.9468458783258473,-1.9836533327225696
-0.3533298692301219,0.22216857965389844
0.06777644082114828,-0.012640606653686355
-0.9468458783258473,-1.662766551106869
1.2548084590125999,1.306950870377334
1.5485483343593769,1.6904323735399411
-0.3533298692301219,-0.2748696982253074
2.495075092456698,1.9945344873020316
-0.9468458783258473,-1.3790788979475128
1.4090341902013341,1.2321663324317804
0.3944118710543379,0.7018421605244337
0.3944118710543379,0.5423920860075833
-0.9468458783258473,-0.5510762961882019
0.3944118710543379,0.5503753832280177
-0.9468458783258473,-0.6519723400581237
-0.3533298692301219,-0.47695604000295433
-0.9468458783258473,-1.039204198144101
2.807702850358123,2.1768564821890015
0.06777644082114828,0.4979005117493354
-0.9468458783258473,0.062127916663504305
-0.9468458783258473,0.15533336613019624
-0.3533298692301219,0.8870571210117977
1.2548084590125999,1.3605165044513545
-0.9468458783258473,-0.25039197328280327
1.7930805312111269,0.7814605343122438
-0.9468458783258473,-0.4371857686361848
-0.9468458783258473,-1.6273915574223368
0.3944118710543379,1.3260484054686348
-0.9468458783258473,-0.44735400080672383
-0.3533298692301219,0.575357703732981
-0.9468458783258473,-0.43278338659924986
0.6612924499168739,0.2892493121236283
-0.9468458783258473,-1.0210024698128055
0.06777644082114828,0.5335650075577507
-0.9468458783258473,-1.2435574143871433
-0.9468458783258473,-1.0537900122135262
0.6612924499168739,1.1137473784322791
0.8869367642139765,0.5563852511470345
-0.3533298692301219,-0.6628211645010936
-0.3533298692301219,-0.8828134217039166
1.2548084590125999,1.006101682209806
-0.3533298692301219,-0.7829210349010532
-0.9468458783258473,-0.6811928802876355
-0.9468458783258473,-0.6644625116732097
-0.3533298692301219,0.08238371317609085
-0.9468458783258473,-1.8063905769965787
1.0823987599681437,1.4236730235361932
-0.9468458783258473,-1.3348843314390828
0.3944118710543379,0.41840480611913394
3.438278828495325,0.46434365122411564
1.2548084590125999,1.1229497640640427
0.6612924499168739,0.6131677540542321
-0.3533298692301219,-0.07863826644811404
1.4090341902013341,0.8562394163476044
-0.3533298692301219,-0.2503467736147021
0.3944118710543379,0.11655692409453491
0.3944118710543379,0.19909089956273274
0.3944118710543379,-0.084201060131244
-0.3533298692301219,0.7999500410825988
1.2548084590125999,1.2081042165259481
-0.9468458783258473,-0.05034487857425161
1.0823987599681437,1.4610659504132446
0.3944118710543379,0.744070880751471
2.6905370882108657,2.4551331030767023
-0.3533298692301219,-0.5168493109442498
-0.9468458783258473,-0.6482481249636038
-0.3533298692301219,-1.659604762749113
2.185762829943745,2.9439575662878528
-0.9468458783258473,-0.7251749425638531
-0.3533298692301219,-0.2456598921461333
1.2548084590125999,2.1188400318716267
-0.3533298692301219,-0.1917952594672613
-0.9468458783258473,-0.5846563857075127
2.0970210791151396,1.8031603032244652
0.3944118710543379,-0.24561495894810018
0.8869367642139765,0.9047511397596197
0.06777644082114828,-0.09460024911246719
0.06777644082114828,0.291426536317678
-0.9468458783258473,-1.0124839408517738
0.06777644082114828,0.5776256684696417
-0.3533298692301219,-0.9098984466989293
-0.9468458783258473,-0.3441998199793598
-0.3533298692301219,-0.7501018443564471
0.06777644082114828,0.3854106063015726
-0.9468458783258473,-1.0954799507378432
-0.9468458783258473,-1.053337863458239
-0.3533298692301219,-0.16916696749265298
0.3944118710543379,0.3337642658623463
0.06777644082114828,0.8431719324146907
-0.3533298692301219,0.6165509917157888
0.3944118710543379,0.6879137959895895
0.8869367642139765,0.09177251872863654
0.06777644082114828,0.6088386848459454
0.6612924499168739,0.9279452988698912
-0.3533298692301219,0.26629219017633143
0.8869367642139765,1.1262204874317203
-0.9468458783258473,-2.35272428996503
0.6612924499168739,0.37480940942174906
0.06777644082114828,0.3574948832257498
1.2548084590125999,0.5857385921053891
0.6612924499168739,0.04249632392513918
-0.3533298692301219,-0.6803931263672082
-0.3533298692301219,-0.08296561207873633
-0.9468458783258473,-1.1896963657322674
0.3944118710543379,0.5360333356200981
-0.9468458783258473,-0.6698138968585007
0.8869367642139765,0.832520058641411
-0.3533298692301219,-0.5149388012858854
0.3944118710543379,0.5608481828434844
0.6612924499168739,1.1012966619356812
-0.3533298692301219,0.4273629368845778
-0.9468458783258473,-0.6754062844083379
-0.9468458783258473,-0.9021727920886565
0.3944118710543379,0.39982102294619043
-0.9468458783258473,-0.4443724972290999
-0.3533298692301219,0.8711290357618153
0.8869367642139765,0.8283664678377994
-0.3533298692301219,-0.9159669703625368
0.3944118710543379,0.21605126954581652
1.2548084590125999,1.056626267201488
-0.9468458783258473,-1.5014455816214183
-0.3533298692301219,-1.2418393426300742
-0.9468458783258473,-0.6148223617750812
-0.9468458783258473,-1.221961581397894
0.3944118710543379,0.6238461153781946
-0.9468458783258473,-1.200933237161478
-0.9468458783258473,-0.6619891517654191
0.6612924499168739,0.41535480979549105
0.6612924499168739,0.6058362088661056
-0.9468458783258473,0.8761001424399542
0.8869367642139765,0.7222144967872235
-0.3533298692301219,-0.6277792952582814
-0.9468458783258473,-0.659021132480243
2.423656509348329,2.315445611896662
-0.9468458783258473,-1.1185049355717809
0.06777644082114828,0.11840275778047499
1.0823987599681437,1.082137096081191
-0.9468458783258473,-1.2490486750075713
-0.9468458783258473,-0.9992782308059095
-0.9468458783258473,-0.6824069369088834
-0.3533298692301219,-0.22531087042362313
1.6759147690638698,1.3244370353073558
-0.9468458783258473,0.015202617980318378
-0.3533298692301219,-0.12094886657510623
0.3944118710543379,0.16459958302390493
0.06777644082114828,1.1016555749145382
-0.9468458783258473,-0.7985483538663106
0.3944118710543379,0.8034583459902024
2.269430778159595,1.9177414049144699
0.6612924499168739,-0.13222991236681797
1.4090341902013341,0.7580678387570676
0.06777644082114828,1.025465042269447
0.06777644082114828,0.26343515102985027
-0.3533298692301219,0.14137286280432337
2.348573867785618,1.7803669814763776
0.3944118710543379,0.5679732725701246
-0.9468458783258473,0.12083199955728031
0.06777644082114828,0.517479788114694
-0.9468458783258473,-1.6854369430906329
-0.9468458783258473,-0.6304638769410953
-0.9468458783258473,-1.4883884793937099
1.7930805312111269,2.1289788631301043
-0.9468458783258473,0.3065635773358481
1.0823987599681437,1.2459349820076928
-0.9468458783258473,-0.6747659045043158
0.3944118710543379,-0.1609328925891336
0.8869367642139765,0.8027756952508951
3.674341625124369,4.473346002062602
-0.3533298692301219,-0.8820832064023822
-0.9468458783258473,-0.5757832241012769
-0.9468458783258473,-1.0659703540155911
0.6612924499168739,0.7374904797772821
0.06777644082114828,-0.20439884201613437
-0.9468458783258473,0.16580969495596282
1.0823987599681437,0.5346899729495429
0.06777644082114828,0.4764704456845944
-0.3533298692301219,-0.30667193707470947
-0.3533298692301219,0.09136958384040963
-0.9468458783258473,-0.529113202980862
0.06777644082114828,0.17598263456272092
0.06777644082114828,0.4167699873938945
0.6612924499168739,0.7918225010449795
-0.9468458783258473,-0.14802223999336808
0.8869367642139765,0.4474319750449851
2.862946787255321,2.3103896896264464
-0.3533298692301219,-0.280231642145473
1.0823987599681437,0.33294331024392565
1.0823987599681437,0.9790509418841685
-0.9468458783258473,-1.2500989149527277
-0.3533298692301219,0.6376489704258883
-0.9468458783258473,-1.7491015398390088
-0.3533298692301219,-0.7816324289054624
0.06777644082114828,-0.15307614200176098
-0.9468458783258473,-1.662238718138397
-0.9468458783258473,-1.0591944215843943
1.6759147690638698,1.3703135124754773
-0.3533298692301219,-0.10431997229605788
-0.9468458783258473,-0.39372844991608236
-0.3533298692301219,-0.5315501584249425
0.06777644082114828,-0.12391504393275382
-0.9468458783258473,-0.9665046291369512
-0.3533298692301219,-0.14553364027406868
-0.3533298692301219,-0.973949517826557
0.06777644082114828,1.0398131489844817
-0.9468458783258473,-1.5621762864571624
-0.9468458783258473,0.18778140447526379
-0.9468458783258473,-1.4710268716782535
1.6759147690638698,1.1797667205095927
-0.3533298692301219,0.9602044522485597
0.6612924499168739,0.2602495388179301
2.5631706535063725,1.7437289963140787
0.3944118710543379,0.4677105464140771
0.6612924499168739,0.5413955534486885
-0.3533298692301219,-0.19645787732015232
0.06777644082114828,-0.15949253002676184
0.8869367642139765,0.9835062368900079
1.2548084590125999,1.8502956471961014
-0.3533298692301219,-0.6949912000965757
-0.9468458783258473,-0.2682636171816187
-0.9468458783258473,0.18135929954968308
-0.3533298692301219,-0.4897156822226695
0.06777644082114828,0.5142351715035902
-0.9468458783258473,-0.4384426079127479
0.6612924499168739,1.0788925594129195
0.06777644082114828,0.11461134115081813
1.0823987599681437,1.8010713267499878
-0.9468458783258473,-0.6903043569642159
-0.9468458783258473,0.01987044851681745
-0.9468458783258473,-0.7442436640137767
-0.3533298692301219,-0.5327928669811121
0.3944118710543379,0.6286125662685865
-0.9468458783258473,-0.6851258628858018
2.967547746175524,2.5536069631388187
1.7930805312111269,1.566319270294683
-0.3533298692301219,-0.6113140077245482
-0.3533298692301219,-1.060603078636544
-0.9468458783258473,-0.421882232146193
-0.9468458783258473,-0.27773324524135606
0.06777644082114828,-0.1973034251096165
-0.3533298692301219,-0.21616401887394687
1.7930805312111269,0.8458722495693258
-0.9468458783258473,-0.2441485267123362
-0.9468458783258473,-0.35790298242275326
0.06777644082114828,-0.9009490140046001
-0.3533298692301219,0.21076796481642338
-0.9468458783258473,-0.974731353025882
-0.9468458783258473,-1.231145672641609
-0.3533298692301219,-1.271938267976285
-0.3533298692301219,-0.44237821328077187
0.8869367642139765,1.247332065645937
0.06777644082114828,0.6057535072644252
0.3944118710543379,1.031472688746554
0.06777644082114828,0.6774337142883943
-0.9468458783258473,-0.31244736553632796
-0.9468458783258473,-1.243036396970724
-0.3533298692301219,0.2648530741402065
-0.3533298692301219,-0.0989152565751994
-0.9468458783258473,-0.5971999697324144
0.8869367642139765,1.2685768112003757
-0.9468458783258473,-1.9732090380126197
1.4090341902013341,1.523359625031086
0.6612924499168739,0.423126981923919
1.0823987599681437,0.8008660303621357
2.495075092456698,1.9335812560165246
3.111643398262135,3.8664756784959584
-0.9468458783258473,-0.5567343618718097
-0.3533298692301219,-0.04985218031212118
0.06777644082114828,-0.784799082634995
4.688963944271364,2.249712101258436
1.0823987599681437,0.8420376929253577
-0.9468458783258473,-0.4739799430605275
-0.9468458783258473,-0.3817791709619687
0.6612924499168739,0.23680966790154193
-0.9468458783258473,-2.072510702633017
0.06777644082114828,-0.4986241501149378
-0.3533298692301219,0.8938334329030911
1.0823987599681437,0.7845009652952686
0.6612924499168739,0.2389134251788994
0.3944118710543379,1.0283723881597673
-0.9468458783258473,-0.382276472654748
-0.3533298692301219,-0.1099131183476006
-0.9468458783258473,-1.4421896360119768
1.0823987599681437,0.7315669963377827
0.3944118710543379,0.6697355464674075
1.2548084590125999,1.0682125341241218
1.5485483343593769,0.6663354856836354
0.6612924499168739,0.9722949882516612
-0.3533298692301219,-0.6328658551153563
0.06777644082114828,0.44419990790798003
-0.9468458783258473,-0.6135405038478549
0.06777644082114828,0.18864367024960466
1.9015590833609726,2.081441992208429
-0.3533298692301219,-0.4178972900455616
-0.9468458783258473,-0.5888311051303865
-0.3533298692301219,-0.07601669432241864
-0.3533298692301219,-0.037308963729313874
1.0823987599681437,1.4429084490452604
-0.9468458783258473,-0.5495201995345347
0.6612924499168739,0.6577013545270706
0.06777644082114828,0.19504235929458427
-0.3533298692301219,-0.5008050386455211
0.3944118710543379,0.2742552680497728
-0.9468458783258473,-1.7286808594236545
0.8869367642139765,1.039915316700492
-0.3533298692301219,-0.8633277709068812
0.06777644082114828,0.1509198220008803
-0.9468458783258473,-1.40041269270116
-0.3533298692301219,-0.5062419173220853
-0.9468458783258473,-0.7448862482315523
-0.3533298692301219,-0.9312368706126035
-0.3533298692301219,-0.10057532286659275
-0.3533298692301219,0.6779912182448883
1.2548084590125999,1.4572774985090058
2.348573867785618,2.695754259551423
-0.9468458783258473,-1.0122887261359979
-0.9468458783258473,-1.9484336673393892
0.3944118710543379,1.7684030120133678
1.7930805312111269,0.5998232885690098
-0.9468458783258473,-1.706255647382787
0.3944118710543379,0.24699037942570864
-0.3533298692301219,0.23648173693344182
0.06777644082114828,1.1786103627867013
-0.9468458783258473,-1.714005047728597
-0.9468458783258473,-0.5908113770143134
2.269430778159595,1.8828011263049056
0.6612924499168739,0.5921155488671506
-0.3533298692301219,-0.07607728186878795
-0.3533298692301219,-1.4875396731730528
0.3944118710543379,0.5653624815640315
0.3944118710543379,0.1449295579060839
-0.9468458783258473,-1.1970389096550829
-0.9468458783258473,-1.6156900872008033
0.8869367642139765,0.27157569503291445
-0.3533298692301219,-0.7349423046967948
1.6759147690638698,1.2236017921624227
1.0823987599681437,1.3042603418653147
-0.9468458783258473,-0.4965721420077147
-0.3533298692301219,-0.05215403849150604
-0.3533298692301219,-0.7990566122675171
-0.9468458783258473,-1.4836607891938935
-0.9468458783258473,-2.3955303604262013
2.002550199297059,1.3808206316503244
0.06777644082114828,-0.3317941723774896
0.06777644082114828,0.5240786731702118
1.2548084590125999,0.5824990281774485
0.3944118710543379,1.378930493088182
1.4090341902013341,1.1138432703843122
-0.9468458783258473,-1.026189230665556
0.06777644082114828,-0.5186169156901351
1.9015590833609726,1.077638062842933
-0.9468458783258473,-1.4870449516433248
-0.3533298692301219,-0.40361140753742253
0.3944118710543379,1.2791529391824912
-0.3533298692301219,0.8079075377833675
-0.9468458783258473,-1.226285382253281
0.6612924499168739,0.9097587747987567
0.3944118710543379,0.1598129520559883
-0.3533298692301219,-0.29117550001331904
-0.3533298692301219,-0.35220186260880326
0.3944118710543379,0.5212055353360431
-0.3533298692301219,-0.5758058504523252
-0.9468458783258473,-1.5150118648111879
-0.9468458783258473,-0.24619928739685218
-0.3533298692301219,-0.09755731397507791
4.575686074418245,2.1887198372376813
0.3944118710543379,-0.7203356043781577
-0.3533298692301219,0.050470988937601734
1.5485483343593769,1.0206471716137417
0.6612924499168739,0.9335485079015856
-0.9468458783258473,-1.0328504805182093
1.2548084590125999,1.5059991170246216
-0.9468458783258473,-2.3955303604262013
4.657483363480835,3.540997430665905
-0.3533298692301219,0.2651854076106171
0.3944118710543379,0.5260512010014886
-0.9468458783258473,0.812028597117967
0.6612924499168739,0.8492730139713515
-0.9468458783258473,-1.5003672755206816
-0.9468458783258473,-1.5005109657487998
2.423656509348329,1.4318677225491703
-0.9468458783258473,-0.8132073927356968
-0.3533298692301219,-0.43002528652937155
-0.9468458783258473,-0.42169557728275725
3.9821700653225194,3.1490530813999764
-0.3533298692301219,-0.31865848765921256
0.06777644082114828,-0.5162399719196751
-0.9468458783258473,-1.4597492863044172
-0.9468458783258473,-1.763343229589125
-0.9468458783258473,-1.4367305695633832
-0.9468458783258473,-2.002399910313985
0.06777644082114828,0.9565313790644794
-0.3533298692301219,-0.12306644227004293
-0.9468458783258473,-1.845225929440043
-0.9468458783258473,-1.176215871919348
-0.3533298692301219,-0.9475595546903232
-0.3533298692301219,0.29076786106867003
-0.9468458783258473,-1.8223435847853182
-0.3533298692301219,0.5894611391696888
-0.9468458783258473,-0.6075148728284161
1.2548084590125999,0.4105204422072337
1.5485483343593769,0.40019535542747925
-0.9468458783258473,-1.2575424769098387
-0.9468458783258473,-2.3152678044042356
1.0823987599681437,2.703045098185828
-0.3533298692301219,0.3458641689645895
0.6612924499168739,0.06589156653185867
-0.3533298692301219,0.4494265560019443
0.3944118710543379,0.8526973559700435
0.06777644082114828,0.5895877394742167
-0.9468458783258473,-0.3358577608055204
-0.9468458783258473,-1.143268890627021
-0.3533298692301219,-0.31870771512603785
0.6612924499168739,0.6397126426697429
-0.3533298692301219,-0.5121546967213364
0.06777644082114828,-0.44779736540808734
-0.9468458783258473,-0.5493012738804944
-0.9468458783258473,0.05567852946311149
-0.9468458783258473,-1.054818574064176
-0.9468458783258473,-0.6518728024058373
0.06777644082114828,0.09492021161118652
2.423656509348329,1.6252648619632495
-0.9468458783258473,-1.2514662906423657
-0.9468458783258473,-0.9727967743508044
-0.9468458783258473,-1.1946819579746768
0.6612924499168739,2.244047050087717
0.3944118710543379,-0.27144381853497884
-0.3533298692301219,-0.754672321461602
-0.9468458783258473,-0.8886458046904101
-0.3533298692301219,-0.3993894223081991
-0.3533298692301219,0.3933832551377683
1.2548084590125999,0.8907041203515119
-0.3533298692301219,-0.6931026883198205
0.06777644082114828,0.057054662399750496
1.9015590833609726,1.572499425611686
-0.9468458783258473,-0.15954632873763844
1.0823987599681437,0.024062244202415994
-0.9468458783258473,-1.0374700196690343
-0.9468458783258473,-0.05704983161442253
-0.9468458783258473,-1.253732859396328
1.0823987599681437,0.4546692372604005
-0.9468458783258473,-0.6385965550047984
-0.3533298692301219,-0.6225089544069278
-0.3533298692301219,-0.09509647155797582
0.3944118710543379,0.8716668414983294
-0.3533298692301219,-0.09527022213054488
1.5485483343593769,0.754637619104952
-0.9468458783258473,-0.6945186541892507
-0.3533298692301219,0.44842044879037884
-0.9468458783258473,-1.2894076158891414
1.2548084590125999,0.9959478474604606
-0.9468458783258473,-0.9577779189972822
-0.9468458783258473,-0.7662140332321721
-0.3533298692301219,-0.13015280586165434
0.3944118710543379,0.09530179949274199
-0.3533298692301219,0.19962343649098224
-0.9468458783258473,-0.6486445498501511
-0.9468458783258473,-0.5639249704904024
-0.9468458783258473,0.6502209078958694
-0.3533298692301219,-0.4966951142296411
-0.9468458783258473,-1.0507941553365598
1.6759147690638698,1.0161313948504558
1.2548084590125999,0.9882446188155393
-0.9468458783258473,-0.21003772540923696
-0.9468458783258473,-0.3867482830314725
1.2548084590125999,1.2375501649396923
0.06777644082114828,0.1369835803010318
-0.9468458783258473,-0.7717443706335511
-0.9468458783258473,-0.17174393067331192
-0.9468458783258473,-1.4847168034971379
-0.3533298692301219,-0.5100469034679548
-0.3533298692301219,-1.0936195818987566
-0.9468458783258473,-1.133125870367972
-0.9468458783258473,-1.2309404324729252
0.06777644082114828,0.5804476143865605
-0.9468458783258473,-0.2071919040898071
-0.9468458783258473,-0.39848242182197396
0.06777644082114828,0.3890172793791533
-0.9468458783258473,-0.6122133348482436
-0.3533298692301219,0.05560657684429001
0.06777644082114828,-0.03915828698234075
-0.3533298692301219,-0.5155471500216441
-0.3533298692301219,-0.672235020585261
0.3944118710543379,-2.370424787387998
-0.9468458783258473,-0.12161561929118853
-0.3533298692301219,-0.13561675100582743
-0.9468458783258473,-0.6745098959533953
0.06777644082114828,1.8107192841895277
0.6612924499168739,0.47621523798653154
0.3944118710543379,1.1765181125668027
-0.9468458783258473,-0.8332424760681992
0.3944118710543379,0.6625454355403936
-0.9468458783258473,-1.326862836636286
0.6612924499168739,0.6418797156033902
0.06777644082114828,0.1076968906991448
-0.3533298692301219,-0.16494454632801908
0.6612924499168739,0.5575993950133146
-0.3533298692301219,-0.6287940241220682
0.3944118710543379,0.47213913282091324
-0.3533298692301219,-0.5862594708231754
-0.9468458783258473,-0.574133225951226
-0.9468458783258473,-1.6465634737781483
-0.3533298692301219,-0.21469288399967085
-0.9468458783258473,0.01137695506726288
-0.9468458783258473,-1.210877853766532
-0.9468458783258473,-0.5744945783934782
0.3944118710543379,1.4310774526098646
2.269430778159595,1.30732742592095
-0.9468458783258473,0.3772477016999661
1.0823987599681437,0.7811824255976834
0.06777644082114828,-0.47513832708668124
1.2548084590125999,0.9776555900950967
-0.9468458783258473,-0.9383237685818562
0.06777644082114828,1.0366213603683974
-0.3533298692301219,-0.6082921093734811
0.3944118710543379,0.02151333220279813
-0.9468458783258473,-0.6621907724059898
1.5485483343593769,1.017479843986273
-0.9468458783258473,-0.6047887433925965
-0.3533298692301219,0.13001705480137263
0.3944118710543379,1.0872513039080576
-0.9468458783258473,-1.6507136095612769
-0.9468458783258473,-1.1653657050689212
-0.3533298692301219,-0.02451607850220124
-0.9468458783258473,-0.6989399715457303
-0.9468458783258473,-0.65080355380878
0.06777644082114828,-0.47793652127786584
-0.9468458783258473,-1.0916773042929548
-0.3533298692301219,0.30208871428981315
-0.3533298692301219,-0.7712242749723831
0.06777644082114828,0.8855244198782986
-0.9468458783258473,-1.9439193686188414
-0.3533298692301219,-0.013301354117076412
2.185762829943745,1.513526112081374
1.4090341902013341,1.2843104540317412
0.06777644082114828,1.1823008173251222
0.06777644082114828,0.10374782545735013
0.06777644082114828,0.6761234694201752
-0.9468458783258473,-0.8805585422313724
0.06777644082114828,-0.251190921979047
-0.9468458783258473,-0.6156305121480143
4.7499640450477925,3.5159182489506375
0.3944118710543379,0.32901579367352324
2.269430778159595,1.7177432941478712
1.6759147690638698,1.5798069413638087
-0.9468458783258473,-1.1088452405468485
-0.9468458783258473,-1.2122298944804837
-0.9468458783258473,-1.1239172586644197
-0.9468458783258473,-1.2046976488171475
-0.9468458783258473,0.00040599003086258853
-0.9468458783258473,-0.8711110046859699
1.4090341902013341,0.2590705904933895
0.6612924499168739,0.5894083831313462
0.06777644082114828,0.4029440033162489
0.6612924499168739,0.31261070557777587
-0.3533298692301219,-0.687671888500598
-0.3533298692301219,-0.8497990090296292
-0.3533298692301219,-0.7385112343083617
-0.9468458783258473,-0.27634688053072975
-0.3533298692301219,-0.432140239742738
-0.9468458783258473,-0.9299678672175685
0.3944118710543379,1.0005754736077728
0.6612924499168739,-0.9517832638261251
-0.3533298692301219,-0.7433225956456229
0.3944118710543379,0.9197962334010279
1.7930805312111269,1.140375451381764
-0.9468458783258473,-0.7035185481544828
-0.3533298692301219,0.00613446950018309
-0.9468458783258473,-0.9258224074936322
0.06777644082114828,0.4112524051480992
0.8869367642139765,0.4485336990167553
-0.9468458783258473,-0.693705478629702
-0.9468458783258473,-0.2442531828063343
-0.9468458783258473,-0.5353916430534565
-0.9468458783258473,-0.4924430656434945
-0.3533298692301219,-0.942713583810885
0.6612924499168739,0.3113795413230307
-0.9468458783258473,-0.9598227178698254
-0.9468458783258473,-0.2879160747795182
-0.3533298692301219,-0.9144800661776201
1.0823987599681437,0.478690960472654
-0.9468458783258473,-1.1654129737688173
1.4090341902013341,1.3052725071450657
-0.3533298692301219,-0.13850687649025287
1.0823987599681437,1.1880944725651283
-0.3533298692301219,-0.4582975452225846
-0.9468458783258473,-0.7337286264637102
-0.3533298692301219,-0.1023891018444881
-0.9468458783258473,-0.5437605476367112
0.3944118710543379,0.07827744131443297
-0.3533298692301219,-1.3939086035211874
-0.3533298692301219,-1.1686812750715092
-0.9468458783258473,0.6843091549506908
-0.9468458783258473,-1.4519349586102108
-0.9468458783258473,-0.5933977038560538
1.2548084590125999,1.173673302782308
-0.9468458783258473,-0.8350548386386689
-0.9468458783258473,-1.4784015190718203
0.06777644082114828,0.31443531091058036
-0.9468458783258473,-1.017458427948299
0.8869367642139765,1.32880083479627
2.495075092456698,1.9867894657890754
0.6612924499168739,-0.1826614836702485
0.3944118710543379,-0.08184191093490213
-0.3533298692301219,-0.2334268468950857
2.348573867785618,1.254793570551668
0.8869367642139765,0.20270004989853574
1.6759147690638698,0.9775711419359583
-0.9468458783258473,-0.9661360390773065
-0.9468458783258473,-3.0533467953054436
1.5485483343593769,0.9047973872581653
-0.9468458783258473,-0.8303760862348589
0.06777644082114828,-0.5923344507962564
-0.9468458783258473,-1.1177029150703606
-0.3533298692301219,0.09094677551863997
0.6612924499168739,0.47559510882442363
-0.3533298692301219,-0.47155496562206733
0.3944118710543379,0.697461371126608
0.6612924499168739,1.5449942117874444
-0.3533298692301219,-0.009646093437233074
1.9015590833609726,1.441135902275645
-0.9468458783258473,-1.0405780744014437
-0.3533298692301219,-0.7337010642476838
0.06777644082114828,0.11499320098073024
1.4090341902013341,0.9828030573970717
-0.3533298692301219,0.3258319756006467
-0.3533298692301219,-0.6628211645010936
2.423656509348329,2.5367649379354624
0.06777644082114828,-0.06522084670887345
0.6612924499168739,1.4029031087348842
0.06777644082114828,-0.18496294103790453
-0.9468458783258473,-0.6862679745851966
-0.9468458783258473,-0.6321372213260064
1.4090341902013341,1.8184392819046515
-0.9468458783258473,-0.9743217250437931
-0.9468458783258473,-1.3351180418074975
0.8869367642139765,0.7237548376333527
-0.9468458783258473,-0.4871190718689067
0.8869367642139765,2.322114936590056
-0.9468458783258473,-0.5457412040409378
0.6612924499168739,0.18546873707859682
-0.9468458783258473,-0.5779355888700943
3.363196186932614,1.6496583207618425
1.2548084590125999,1.0270452368686698
0.6612924499168739,-0.010058848950945665
0.3944118710543379,0.5088272458731529
-0.9468458783258473,1.4357762612246041
-0.3533298692301219,-0.5490386421251365
-0.9468458783258473,-1.2148402782786936
-0.9468458783258473,-0.6799291196213906
-0.9468458783258473,-0.3102685737858245
-0.3533298692301219,0.19229147123025284
-0.9468458783258473,-2.408831764526315
1.4090341902013341,1.8550948440612842
0.6612924499168739,-0.4209866855725567
3.705159407357861,2.6440341993985506
0.3944118710543379,0.3448407207423668
0.6612924499168739,0.7938151431871732
-0.9468458783258473,-0.6421039369751389
-0.9468458783258473,-0.7157948276473607
-0.9468458783258473,-1.0666803614361682
-0.9468458783258473,-1.0970408017061741
0.06777644082114828,0.13194427558978963
-0.9468458783258473,-0.42388216899211906
0.3944118710543379,-0.08703387887707278
0.3944118710543379,-0.08365037738871339
-0.9468458783258473,0.07348681522230859
-0.9468458783258473,-0.014310325954891217
-0.3533298692301219,-0.7234587953510253
0.6612924499168739,0.522187347120493
1.4090341902013341,1.1595983374084031
2.5631706535063725,1.469517493706952
0.6612924499168739,-0.01701840899914025
0.06777644082114828,0.3490834204947763
0.06777644082114828,-0.26669361999041474
0.6612924499168739,0.24626167929035794
0.3944118710543379,0.5996982972866782
-0.3533298692301219,-0.5725767598722301
0.3944118710543379,0.7997391340371672
1.2548084590125999,0.244599381192984
-0.9468458783258473,-0.7529765071805313
1.0823987599681437,1.1124695494654337
-0.9468458783258473,-0.24261016725005763
1.4090341902013341,0.7504638902622804
0.8869367642139765,-0.10966033229329988
0.3944118710543379,0.04119957407007901
-0.9468458783258473,-0.9634504623365925
-0.3533298692301219,0.2671133817712844
-0.3533298692301219,-0.48076462642766926
0.3944118710543379,0.6755504503055978
-0.3533298692301219,0.04795305485201449
0.3944118710543379,0.29313961493166335
0.3944118710543379,0.7834956706120533
0.6612924499168739,0.6099501459265992
0.6612924499168739,0.7216064743094496
1.0823987599681437,0.5443032965816463
-0.3533298692301219,0.032898892068191764
-0.3533298692301219,-0.08347913112316643
1.5485483343593769,1.5795283500156019
-0.9468458783258473,-1.661184095464332
-0.3533298692301219,-0.8999984787162216
0.06777644082114828,0.11757551347757647
0.3944118710543379,0.2548584192016148
-0.3533298692301219,-0.1543045322282336
-0.9468458783258473,-0.9752902747503962
-0.9468458783258473,-0.4000430997516469
0.06777644082114828,2.270482418476266
-0.3533298692301219,0.24229077012485178
0.06777644082114828,0.3091661494622625
2.002550199297059,1.4447912248171595
-0.3533298692301219,1.0652283147831076
0.8869367642139765,1.4768875091191753
0.06777644082114828,0.6742086444031121
0.8869367642139765,0.3064058010338801
-0.9468458783258473,0.4717358784492187
-0.3533298692301219,0.4109227749717815
-0.9468458783258473,-0.8507236201552593
-0.9468458783258473,-0.4725487354298284
-0.9468458783258473,-1.150010291996166
0.6612924499168739,0.6135722462758876
-0.3533298692301219,-0.27959068430263895
0.8869367642139765,0.981000356124424
0.06777644082114828,-0.05148393752862997
1.6759147690638698,1.1807173174069978
0.06777644082114828,-0.237167563506188
-0.9468458783258473,-1.6569794480163236
0.06777644082114828,-0.25168878382826015
0.06777644082114828,-0.18906788841913877
0.6612924499168739,-0.2723569858505174
-0.3533298692301219,-0.3521505311746849
-0.3533298692301219,0.06543476965817928
0.3944118710543379,0.540330467922561
-0.9468458783258473,-0.17998018920253891
-0.9468458783258473,-1.7876574862642092
0.3944118710543379,0.21918280550742325
1.0823987599681437,0.9025637851657052
-0.9468458783258473,-0.6260186556739263
2.0970210791151396,1.8030838885554539
-0.9468458783258473,-0.5523716964265395
0.6612924499168739,-0.2895283057326842
-0.9468458783258473,-0.2078916954033793
1.9015590833609726,1.146271724158736
0.3944118710543379,0.09833822521687698
2.185762829943745,1.3880043411556529
0.06777644082114828,0.672308253537394
-0.9468458783258473,-1.4130661527597266
-0.9468458783258473,-1.5911772145507017
-0.3533298692301219,0.11851679336477787
-0.3533298692301219,-0.3226062851412202
0.6612924499168739,0.9513055432509901
0.6612924499168739,0.5177856415145177
-0.3533298692301219,0.7662180295570166
0.3944118710543379,0.31751650918734403
0.3944118710543379,-0.0913575779445801
-0.3533298692301219,0.21355744003258292
0.06777644082114828,1.0957450549241678
-0.9468458783258473,-1.8127336700982688
-0.3533298692301219,-0.13989680292227685
-0.3533298692301219,0.4689380588654806
0.3944118710543379,0.3062780545742971
-0.3533298692301219,-0.3626389083451574
-0.9468458783258473,-0.9310604997637675
-0.9468458783258473,-0.5968746798830633
-0.9468458783258473,-1.4162286919327884
-0.9468458783258473,-1.6461324030845295
-0.9468458783258473,-1.7412976484208966
-0.3533298692301219,0.44729966618752703
-0.3533298692301219,0.47730234363837964
-0.3533298692301219,-0.5474428198936028
1.5485483343593769,0.9458764061581514
-0.3533298692301219,-1.0747433085235714
-0.9468458783258473,-1.0234530831194568
2.348573867785618,1.8495629000104632
-0.9468458783258473,-0.7066566029298038
-0.9468458783258473,-0.9149984399774698
-0.9468458783258473,-0.9277168177707185
-0.9468458783258473,-0.9380746644126714
-0.3533298692301219,-1.0968672234117391
0.06777644082114828,-0.34146010763594664
1.4090341902013341,2.288124953236667
-0.9468458783258473,-0.6711127473318755
-0.9468458783258473,-0.8630037566818978
0.3944118710543379,0.9648844234462234
1.2548084590125999,0.0794955734787183
1.2548084590125999,0.8032564389638984
1.0823987599681437,0.5749119340771845
-0.9468458783258473,-0.3992442331344787
-0.3533298692301219,-0.42714511272556527
-0.9468458783258473,-0.374022326759568
-0.3533298692301219,-0.7437411316749074
0.3944118710543379,0.7230363808378106
0.3944118710543379,0.1455085572316329
-0.9468458783258473,-0.5953893220442483
0.3944118710543379,1.0584515688285365
-0.9468458783258473,-0.8436093844791248
1.5485483343593769,0.6883195278316256
-0.9468458783258473,-0.9767826438977489
-0.9468458783258473,-0.32685542297387443
-0.9468458783258473,0.521825767112038
-0.3533298692301219,0.3122751213029307
-0.9468458783258473,-1.2035565493003526
-0.3533298692301219,0.2030677659778619
0.8869367642139765,1.0274939687275415
-0.9468458783258473,-0.4196638577169618
0.3944118710543379,-0.718305287711952
-0.9468458783258473,-1.4411882393557416
-0.3533298692301219,-1.2588695138659114
0.6612924499168739,0.6848899864523114
-0.9468458783258473,-0.517438078837904
0.06777644082114828,0.35590723716493194
-0.9468458783258473,-1.1653657050689212
0.3944118710543379,-0.07790919012375566
-0.9468458783258473,-1.5534544035577327
0.3944118710543379,0.13147692990764928
-0.9468458783258473,-1.2737222610054404
0.3944118710543379,0.8462206321906736
0.6612924499168739,0.7577259051710662
0.6612924499168739,0.8202075927945305
0.06777644082114828,-0.022518888433404768
-0.9468458783258473,-0.988027138666012
0.06777644082114828,0.3715536801649807
-0.3533298692301219,0.058039095796250176
-0.9468458783258473,-0.6317731530552552
0.06777644082114828,0.6939597619503325
1.7930805312111269,1.3317253888069105
-0.9468458783258473,-0.6179883143032506
0.3944118710543379,0.39426571815250394
-0.3533298692301219,-0.013772049342465087
-0.3533298692301219,-0.8717330157926841
-0.9468458783258473,-0.9712005515842502
-0.9468458783258473,-0.6854631353659081
-0.9468458783258473,-0.5075497896107705
-0.9468458783258473,-0.7369599762072827
0.8869367642139765,1.047100353812034
-0.3533298692301219,-1.0032055342266957
-0.9468458783258473,-1.2607310702376358
-0.3533298692301219,0.14344798699279337
0.3944118710543379,0.6146771571453349
0.3944118710543379,-0.9280681271369196
0.8869367642139765,1.2106449646825173
1.2548084590125999,1.369083725497667
2.6282387251868435,0.9009246988454643
0.3944118710543379,0.059452100626321246
0.06777644082114828,0.3121408481811195
-0.3533298692301219,-0.4528846834337621
-0.9468458783258473,-1.1572299563677024
0.3944118710543379,0.06009633952759231
-0.3533298692301219,0.13324206444609876
-0.9468458783258473,-0.9450431663698311
1.5485483343593769,1.615144595093564
-0.9468458783258473,-0.6010670902335513
-0.9468458783258473,-1.52184533545179
-0.9468458783258473,0.04763126638226256
-0.3533298692301219,-1.1595259182132551
0.3944118710543379,0.5438342991233449
2.002550199297059,1.7515096961088064
2.002550199297059,1.2231574083170886
-0.9468458783258473,1.2652008114436493
-0.3533298692301219,-1.2591883304387568
0.06777644082114828,0.16099427455454465
-0.9468458783258473,-0.8907894503154288
0.06777644082114828,0.2408567319346978
-0.9468458783258473,-1.448561080411775
-0.3533298692301219,-0.5703488437049948
0.6612924499168739,0.8329677017604064
0.06777644082114828,0.329373638185678
1.2548084590125999,-0.010282048707895017
-0.9468458783258473,-0.4632753213782097
1.7930805312111269,1.2995800022922388
1.2548084590125999,0.9430733588719232
-0.9468458783258473,-1.3492075789374551
0.3944118710543379,-0.1161824124665489
-0.9468458783258473,-0.9081827947033542
-0.9468458783258473,-1.4949974316873615
-0.3533298692301219,-1.2630240691146395
1.5485483343593769,1.0549501461083322
-0.3533298692301219,-0.32566272634688176
-0.9468458783258473,-1.0813548011311394
0.06777644082114828,0.026560427382114147
2.6905370882108657,2.1301192275211625
-0.3533298692301219,-0.7854162786181542
-0.9468458783258473,-1.2240442631825244
0.3944118710543379,-1.169203544376444
0.3944118710543379,-0.04088432063681989
0.06777644082114828,-0.0022747679195520547
2.0970210791151396,1.6051127117024324
-0.3533298692301219,-1.181166139662927
2.807702850358123,1.9310769315755623
2.0970210791151396,3.0272154837776353
-0.9468458783258473,-0.33324666726206165
-0.9468458783258473,1.028994019074113
0.3944118710543379,0.12515975250652545
1.2548084590125999,0.7515718345978032
-0.9468458783258473,-0.6841667107775937
3.2428168327411573,1.604396190014268
0.3944118710543379,0.4470475887861662
0.8869367642139765,1.223061809650898
1.4090341902013341,0.7046839482116295
-0.9468458783258473,-1.1352625653628017
0.06777644082114828,-0.5664480798091117
0.3944118710543379,-0.2953721296636399
1.4090341902013341,1.2432383605915933
-0.9468458783258473,-0.8916283739339365
0.06777644082114828,0.9486730374485421
0.3944118710543379,0.24943073575447083
-0.9468458783258473,-1.2339215790130174
-0.3533298692301219,-1.7815093173055152
-0.3533298692301219,-0.38542730123373453
0.06777644082114828,-0.0352796318927026
3.401218859453848,1.7266551364150307
0.3944118710543379,0.0297412435635919
0.06777644082114828,0.5975652309639
-0.9468458783258473,-0.7267854719955343
0.06777644082114828,0.3492401263831456
0.3944118710543379,0.4403257288470385
0.3944118710543379,0.29355967678104844
2.0970210791151396,0.9908876981052368
0.06777644082114828,0.4653299499974075
0.06777644082114828,0.6161684120293637
-0.9468458783258473,-0.6355432024899114
-0.9468458783258473,-1.8386210826787528
0.06777644082114828,0.1570286025153528
0.3944118710543379,0.8191868087365728
-0.9468458783258473,-1.7926102574513256
0.8869367642139765,1.4166518237842693
-0.9468458783258473,0.4909619441234695
-0.3533298692301219,-0.7871528570475227
-0.9468458783258473,-0.2639918265988216
1.4090341902013341,1.3303679187196635
-0.9468458783258473,-0.5392948903844016
0.8869367642139765,0.9788920594477524
1.4090341902013341,1.2510218926093868
0.06777644082114828,0.9361798471027682
1.2548084590125999,0.9178806853795343
-0.3533298692301219,-0.4793593533735556
-0.3533298692301219,0.2984163489442281
-0.9468458783258473,-1.7926102574513256
0.3944118710543379,0.2092762594925491
-0.9468458783258473,-0.3992442331344787
0.3944118710543379,-0.20722045502535594
0.8869367642139765,0.7438751674097296
-0.9468458783258473,-0.2026652127958117
0.8869367642139765,0.8940497918044378
-0.9468458783258473,-0.658042592244178
-0.3533298692301219,-0.09292776632328131
-0.9468458783258473,-0.6269587894088895
0.3944118710543379,0.08190639550095294
-0.9468458783258473,-1.4340149376045759
-0.9468458783258473,-0.5090679387558018
0.8869367642139765,0.2952834384123607
1.4090341902013341,0.4894091794382493
2.5631706535063725,1.7302901743230863
2.495075092456698,2.139800107871509
0.3944118710543379,0.6752235035507934
1.0823987599681437,1.0520905872913333
0.8869367642139765,1.2973177543633752
0.3944118710543379,1.2682787038499292
-0.3533298692301219,0.27374668255430984
-0.3533298692301219,-0.44941869992535394
-0.3533298692301219,-0.4795800186451579
1.5485483343593769,0.6582582481398789
1.0823987599681437,1.0001903322321928
-0.3533298692301219,4.35882779216105
0.06777644082114828,-0.40912247610780444
-0.9468458783258473,-0.4771560406845955
-0.9468458783258473,0.019225258642693314
-0.3533298692301219,-0.4002792812174781
0.06777644082114828,-0.6167966369084864
-0.9468458783258473,0.1453064145876302
-0.9468458783258473,0.6222830379875265
-0.9468458783258473,-0.655863996880513
-0.9468458783258473,-1.388580678497698
0.3944118710543379,-0.12722804807470725
-0.9468458783258473,-1.3838467382481585
-0.9468458783258473,-0.8670308351291011
-0.9468458783258473,-0.1358909299807085
-0.3533298692301219,0.4232503615902936
-0.9468458783258473,-0.1145914052639464
1.4090341902013341,0.9409306087796674
1.2548084590125999,1.3618459331769819
-0.9468458783258473,-0.34842923199703885
-0.9468458783258473,-0.13531656748802415
-0.3533298692301219,-0.15672677424142945
1.6759147690638698,1.162730674591938
1.6759147690638698,1.1539848097285317
-0.3533298692301219,-0.14818134983500786
-0.9468458783258473,0.8286208308344863
1.4090341902013341,1.2921252671804804
-0.9468458783258473,-0.13115174045454825
-0.9468458783258473,-1.3284259458633216
-0.9468458783258473,-1.4784015190718203
-0.3533298692301219,-0.8370594617727289
0.8869367642139765,0.9306192070519156
-0.9468458783258473,-1.2300175025256597
0.06777644082114828,-0.44000689015176175
0.06777644082114828,-0.2990783322277658
1.2548084590125999,2.216265086397487
-0.9468458783258473,-0.6896780350982787
-0.3533298692301219,-0.45777022750847246
1.7930805312111269,1.4045908559784788
0.06777644082114828,-0.6498598240728201
1.0823987599681437,0.48378812755720163
0.06777644082114828,-0.41841755744846604
0.3944118710543379,0.24587276774177183
-0.3533298692301219,0.5930141555345296
-0.3533298692301219,-0.7697813357704802
-0.9468458783258473,-0.6741004525404523
-0.3533298692301219,-0.11000161233401835
-0.3533298692301219,-0.23783474380606706
2.6282387251868435,1.9541922676006307
-0.9468458783258473,-0.6658286570769216
-0.3533298692301219,-0.7026961808185409
-0.9468458783258473,-1.2332009745054306
-0.3533298692301219,0.4739207937826186
-0.9468458783258473,-1.5569934407878452
-0.9468458783258473,-1.6569794480163236
0.3944118710543379,-0.14944208717930876
-0.3533298692301219,-1.0848520984958767
-0.9468458783258473,-0.23165868888745617
0.3944118710543379,0.972069349696312
3.111643398262135,2.2630955959424375
-0.3533298692301219,0.26494012719874926
-0.9468458783258473,-0.8798634644454507
-0.9468458783258473,-0.6618883604903039
-0.9468458783258473,-1.3968068121110295
1.5485483343593769,1.6083520351717973
1.0823987599681437,1.474380756533888
0.3944118710543379,0.6286427070411778
0.06777644082114828,0.2643939104406164
-0.9468458783258473,-0.3586443601562163
-0.3533298692301219,-0.44279966678934596
0.06777644082114828,0.2179836914186179
0.3944118710543379,0.06219928536367916
-0.9468458783258473,-1.1020473466996787
-0.3533298692301219,-0.6028672390929595
-0.3533298692301219,-0.041777758884479314
-0.9468458783258473,0.05919630646462436
0.3944118710543379,0.26217354474223664
1.9015590833609726,1.7300136785634732
0.06777644082114828,-0.005252866195342719
-0.3533298692301219,-0.29648857344705054
-0.9468458783258473,-0.6304154263448432
1.7930805312111269,0.9621969505663854
-0.3533298692301219,-0.12755105792069307
-0.9468458783258473,-1.2477902036854338
0.06777644082114828,-0.8341168972998866
1.0823987599681437,1.2374515752872928
-0.3533298692301219,-0.5594121904982591
-0.3533298692301219,-0.979625835322043
-0.9468458783258473,-1.0467491162387648
-0.9468458783258473,-0.9203399212294076
0.3944118710543379,0.47242006878291143
0.06777644082114828,-0.3832542158714855
-0.3533298692301219,-0.2020408897942086
-0.9468458783258473,-0.4409622235866301
-0.3533298692301219,-1.2795887458463449
0.6612924499168739,0.4265162443479549
-0.9468458783258473,-1.229095635725887
-0.3533298692301219,-0.16333476808124445
-0.9468458783258473,-0.6337897446178771
-0.9468458783258473,-0.38286297522651236
-0.9468458783258473,0.678194279954954
-0.3533298692301219,-1.189891295150684
0.06777644082114828,0.35380670996282676
0.06777644082114828,-0.17389091020946018
-0.9468458783258473,-1.1301802356814787
-0.9468458783258473,-0.4579654898550194
-0.3533298692301219,0.003176582800661713
-0.3533298692301219,-0.4165424668696319
-0.9468458783258473,-0.399861469119844
0.06777644082114828,-0.08716902545128598
0.06777644082114828,-0.45601500699003417
0.3944118710543379,0.3557094428833336
-0.9468458783258473,-0.49628528028646357
-0.9468458783258473,-0.9205139449157772
2.0970210791151396,1.3035192902793955
-0.3533298692301219,-0.17345284168644834
-0.3533298692301219,-1.1878469004873475
0.06777644082114828,1.0637218134107493
0.8869367642139765,0.2848770128897221
-0.3533298692301219,-1.0803340864601396
0.8869367642139765,0.6361126466852111
-0.3533298692301219,0.272211142056019
-0.3533298692301219,-0.6864498245498967
0.06777644082114828,0.4657118142355991
-0.3533298692301219,-0.5170174861474438
-0.3533298692301219,0.004974528248950662
0.06777644082114828,0.353863362133338
-0.3533298692301219,0.4271561938956962
0.8869367642139765,1.3946439936867165
0.3944118710543379,0.49892903895675317
-0.9468458783258473,0.6880863737511188
-0.9468458783258473,-1.2160479486135383
-0.3533298692301219,-0.5513834896040969
0.3944118710543379,1.3851206329299528
-0.9468458783258473,-1.8193414488619535
-0.9468458783258473,-1.3967436958427408
-0.9468458783258473,-0.28289476293232196
-0.9468458783258473,-2.959087066765513
0.8869367642139765,0.6559797995167912
-0.3533298692301219,0.0046897574081228586
1.0823987599681437,1.1904455521271038
1.2548084590125999,0.6026615790852033
0.3944118710543379,-0.1828830228870973
-0.9468458783258473,-1.1163679977911056
-0.3533298692301219,0.21480532619326495
-0.9468458783258473,-0.9277519417683259
1.2548084590125999,1.6903897206564695
1.0823987599681437,0.8133178212661465
0.3944118710543379,1.6535702342399998
-0.9468458783258473,-0.7493707357038002
0.06777644082114828,0.2415659242553934
-0.3533298692301219,-0.6386944549037952
0.06777644082114828,-1.612377996706641
0.3944118710543379,-0.4358169186782433
-0.3533298692301219,0.034610252892266
0.6612924499168739,1.4961202296790328
-0.3533298692301219,-0.6429155204521608
0.3944118710543379,-0.03984130484799797
0.3944118710543379,-0.01386173697265615
-0.3533298692301219,-0.22094218614503874
-0.9468458783258473,-1.321387151136513
-0.9468458783258473,-1.2453836512231624
0.06777644082114828,0.4753761249291
1.0823987599681437,1.2590001440291547
0.06777644082114828,-0.13559064362091525
-0.9468458783258473,-0.9413905361797666
-0.9468458783258473,-2.14984374611562
-0.3533298692301219,-0.6323071765490549
1.0823987599681437,0.9812784566371969
-0.9468458783258473,-0.6182984413070745
-0.3533298692301219,0.3656025615328479
0.3944118710543379,1.0545873592508095
-0.9468458783258473,-1.1827103422131586
0.3944118710543379,0.7002406446473346
1.0823987599681437,1.6544811056236044
-0.9468458783258473,-0.8960725300532587
-0.3533298692301219,0.6138793190135634
-0.9468458783258473,-0.8701625504186687
-0.9468458783258473,-1.4342133302156037
-0.9468458783258473,-0.5077575850896607
0.3944118710543379,1.3073317283890136
-0.9468458783258473,-0.7301260349686711
0.06777644082114828,0.8114851439414943
-0.9468458783258473,-0.3169701787285359
-0.3533298692301219,-0.3010662946606433
1.0823987599681437,1.0237376276099204
-0.3533298692301219,-0.1375379793867243
1.0823987599681437,1.8121618785403575
0.06777644082114828,0.6493011100786841
-0.9468458783258473,-1.255106463562914
-0.9468458783258473,-1.236345507916035
-0.3533298692301219,-0.9574133254951432
-0.3533298692301219,0.24269769906995484
-0.9468458783258473,-0.30576722459730454
-0.9468458783258473,1.3372857170560288
0.06777644082114828,0.12263965056218472
-0.9468458783258473,-1.1174802741666143
-0.3533298692301219,-0.257140218944215
0.8869367642139765,0.7937252334229886
-0.9468458783258473,-1.0471975566853782
-0.3533298692301219,-0.08412761386813183
-0.9468458783258473,-1.5318698847733172
-0.3533298692301219,0.23988566841712344
2.862946787255321,1.9724691278779032
1.6759147690638698,0.6770744382102295
-0.9468458783258473,-1.4992904203817214
-0.3533298692301219,0.11989344043896533
0.6612924499168739,0.8483917313775566
0.8869367642139765,0.33185224358425564
0.6612924499168739,1.1051361807419213
-0.3533298692301219,0.1722506728538458
-0.9468458783258473,-1.4733154758525182
-0.9468458783258473,0.5167521953210299
-0.3533298692301219,-0.14472782908997633
-0.9468458783258473,-1.5666121528471535
0.3944118710543379,-0.2946711613537537
0.06777644082114828,0.3881154376670232
1.6759147690638698,0.9505029248073033
-0.9468458783258473,0.3116184606634123
-0.9468458783258473,-0.4859452508063642
2.269430778159595,0.8130585467417195
2.9161814025079678,2.3279447098987567
-0.9468458783258473,0.3056014098338904
1.0823987599681437,0.567382383936929
-0.9468458783258473,-1.2883045382184914
0.3944118710543379,0.7256838908834227
0.06777644082114828,0.7855710637551279
0.8869367642139765,1.4646633775724898
-0.9468458783258473,0.27926901561243683
-0.3533298692301219,0.2201625642154284
-0.3533298692301219,-0.18006298135289822
-0.3533298692301219,-0.9018326659739047
-0.3533298692301219,-1.1656966446136445
0.06777644082114828,0.35224010599420064
0.06777644082114828,0.22535946729006137
1.5485483343593769,0.8457420457064414
0.06777644082114828,-0.5800482628839102
-0.9468458783258473,0.4461773117457469
0.8869367642139765,1.550061366596036
-0.9468458783258473,-1.1809251269451428
-0.9468458783258473,-0.3761880858831954
0.8869367642139765,0.9659661184914005
-0.9468458783258473,-0.9978583708940758
-0.9468458783258473,-0.7510870849992699
-0.3533298692301219,-0.17242705723920757
-0.9468458783258473,-0.22536928095743117
2.002550199297059,1.0206933397288198
-0.9468458783258473,-0.3938185667703357
-0.3533298692301219,-0.1962043870929579
-0.9468458783258473,-0.5949488866269965
-0.3533298692301219,-1.2063874775777828
2.6905370882108657,1.7753926249734133
0.3944118710543379,-0.07352446656015935
-0.9468458783258473,-0.6617371973751014
1.0823987599681437,0.8366328347698712
0.8869367642139765,-0.6546645471236958
-0.3533298692301219,0.7092571609608275
-0.9468458783258473,-0.31736325295129386
-0.3533298692301219,0.03624424725714944
0.3944118710543379,0.720169527841872
-0.3533298692301219,0.07988458561017972
1.5485483343593769,1.8271682075804774
0.3944118710543379,0.1359150312509663
-0.9468458783258473,-0.6612335264393792
0.8869367642139765,0.37919162862307393
0.3944118710543379,-0.46449508484871876
0.6612924499168739,0.5406052835480865
-0.9468458783258473,-0.9111704012940629
-0.3533298692301219,-0.06615385608786375
0.6612924499168739,0.35844596122063926
0.3944118710543379,0.3370107651763661
2.269430778159595,1.6679458182970068
0.06777644082114828,-0.43170546270951843
2.0970210791151396,1.8448830789989725
-0.9468458783258473,-0.8698357576813279
-0.3533298692301219,0.25157404212122597
-0.9468458783258473,-2.1100895649389617
1.5485483343593769,2.0493508982141857
0.06777644082114828,-0.34827597169483565
-0.9468458783258473,-0.1356820231945118
-0.9468458783258473,-0.4178972900455616
-0.9468458783258473,-3.6923787090533176
-0.3533298692301219,-0.5200718030715993
-0.9468458783258473,-1.5106339396518371
0.06777644082114828,-0.45659965286287935
-0.9468458783258473,-0.6522710273183793
-0.9468458783258473,0.2586001197201496
0.3944118710543379,0.5976592264422066
0.3944118710543379,0.483908520610699
-0.9468458783258473,-1.5530706669292564
-0.9468458783258473,-0.868301616781305
-0.9468458783258473,-0.9499033071604492
-0.9468458783258473,-1.0288550517332629
0.06777644082114828,0.06510977762148804
0.6612924499168739,1.3757531916924326
-0.3533298692301219,0.646525531933136
-0.9468458783258473,-1.6465634737781483
1.9015590833609726,1.1919826063869023
-0.3533298692301219,0.826948380787183
-0.9468458783258473,-1.0988221532740756
-0.3533298692301219,-0.5736366326055183
0.06777644082114828,0.08590506401697025
-0.9468458783258473,-1.7485136009929099
-0.3533298692301219,0.15223277759049392
0.3944118710543379,0.537256204083273
1.7930805312111269,1.337041160373132
0.3944118710543379,0.11057157959401634
-0.9468458783258473,-0.9543572801047413
0.6612924499168739,0.43254632092924344
0.3944118710543379,-0.5141842525410579
0.3944118710543379,1.3624405446498582
-0.3533298692301219,0.48307141416425636
-0.9468458783258473,-0.7439365234222186
0.3944118710543379,0.46669027922565587
-0.3533298692301219,0.23878261327102643
0.06777644082114828,-0.5969908396515163
0.3944118710543379,0.13879221344034326
1.0823987599681437,1.1759352556946654
-0.3533298692301219,-0.4594901734558782
0.3944118710543379,0.5990365599175425
-0.9468458783258473,-1.1843543288099005
0.6612924499168739,0.3965985429849533
0.8869367642139765,1.2628595833973253
0.6612924499168739,0.9225079009146564
-0.9468458783258473,-0.7310045615456554
-0.3533298692301219,-0.9321899454459572
-0.9468458783258473,-1.598858693956238
-0.9468458783258473,-1.3433412026918892
0.06777644082114828,0.8512609165928332
-0.3533298692301219,0.44539451561410676
1.6759147690638698,1.018554500960689
-0.3533298692301219,-0.5084436932301143
-0.9468458783258473,0.21446825150065907
-0.3533298692301219,-0.16650329709706185
0.06777644082114828,-0.27378299018956204
-0.9468458783258473,-1.023294752379331
0.06777644082114828,-0.31623368452959694
-0.9468458783258473,-1.5017333754655173
-0.3533298692301219,-0.9585076046857223
2.269430778159595,1.609478062338219
-0.9468458783258473,0.23556281469780874
0.3944118710543379,0.47887269697064655
-0.9468458783258473,-1.0275011372642426
0.8869367642139765,0.5556041493596745
0.8869367642139765,1.8032251341919159
-0.3533298692301219,-0.8316833820170209
-0.3533298692301219,0.27919128128018306
2.269430778159595,1.3891354994850025
1.2548084590125999,2.131444657451951
-0.3533298692301219,-0.5689567349187447
1.2548084590125999,1.0265320921735666
1.9015590833609726,1.0179555885917442
-0.9468458783258473,-0.48140785975663153
-0.3533298692301219,-0.32346421417267784
-0.9468458783258473,-1.1098147995571068
0.6612924499168739,0.571352998338407
-0.9468458783258473,-1.984968505941082
0.8869367642139765,0.9770675159888427
1.6759147690638698,1.3349573274247823
0.6612924499168739,0.21427436924539214
-0.9468458783258473,-0.9291229814944159
-0.3533298692301219,0.6759719670761277
-0.9468458783258473,-0.6415387742135099
-0.9468458783258473,0.8140234202340735
0.6612924499168739,0.7031933824011939
0.8869367642139765,0.30267775164121097
-0.3533298692301219,-0.8464284553872491
0.06777644082114828,-0.08341798062200562
-0.9468458783258473,-0.8070818992206273
-0.3533298692301219,-0.8494485737239007
-0.3533298692301219,0.5321778244448842
-0.9468458783258473,-0.4646723019131121
-0.9468458783258473,-1.2231800543453577
-0.9468458783258473,-0.13909664474705163
-0.9468458783258473,-0.7516224383065759
0.3944118710543379,-0.033588613628629
0.3944118710543379,1.6317524756116981
-0.9468458783258473,-0.9538853617674355
-0.9468458783258473,-0.3630550720172259
-0.9468458783258473,-0.44172731229055584
-0.9468458783258473,-1.2315049696404587
-0.3533298692301219,-0.09854128102864812
0.3944118710543379,-0.6474311182917484
-0.3533298692301219,-0.041162687916366764
1.2548084590125999,1.2820178869944336
1.7930805312111269,1.135278693140264
-0.9468458783258473,-1.340924229718676
-0.9468458783258473,0.46005145324917873
-0.3533298692301219,-1.0154178903313391
-0.9468458783258473,-1.2006861981956785
1.0823987599681437,0.5763932934864128
0.06777644082114828,0.14476405255695998
0.6612924499168739,0.516509517314341
-0.9468458783258473,-1.341866570390824
0.06777644082114828,0.6454686765604222
0.3944118710543379,0.32835080048076176
-0.3533298692301219,-0.3759941612888065
-0.9468458783258473,-1.2428801578676305
-0.9468458783258473,-0.9835706211866073
0.6612924499168739,0.8147562653328482
1.4090341902013341,1.1346303009201795
0.8869367642139765,0.4142064159485491
2.807702850358123,1.6603524142539536
-0.9468458783258473,-1.5172832112133292
-0.3533298692301219,-0.17690914016211476
0.06777644082114828,-0.12080789388724843
-0.9468458783258473,-1.28199117924143
-0.3533298692301219,-0.18011818087860335
-0.9468458783258473,-1.2228244747233041
-0.3533298692301219,0.016909047462469493
0.6612924499168739,0.9251306477765255
1.0823987599681437,0.8886413433298416
0.3944118710543379,0.2827592686273533
-0.3533298692301219,0.6009577329456472
0.06777644082114828,0.3518994423666963
-0.9468458783258473,-0.658293385954583
-0.9468458783258473,-2.033115232415122
-0.9468458783258473,-2.317657898933456
-0.9468458783258473,-0.37338955321373624
0.06777644082114828,-0.366235456418884
-0.3533298692301219,-0.19015856017836996
-0.9468458783258473,-1.3087355478665705
-0.9468458783258473,-3.1432419013684494
0.06777644082114828,0.009963450256488832
0.06777644082114828,0.0960253382722274
-0.9468458783258473,-0.7305377242227489
1.7930805312111269,1.676588792920854
0.3944118710543379,0.33769028191904354
0.6612924499168739,0.7288192455966048
1.6759147690638698,1.4531573352373217
-0.9468458783258473,-2.1170452287260506
-0.3533298692301219,-0.15155661738698004
0.8869367642139765,1.1561081427974536
2.0970210791151396,1.5584611225879395
1.9015590833609726,1.6705065762868676
-0.9468458783258473,0.31661194159903633
-0.9468458783258473,-0.4413829318549096
0.06777644082114828,-0.5998070594440179
2.348573867785618,1.852891440219434
-0.3533298692301219,-0.010282048707895017
0.3944118710543379,-0.18464366915631839
-0.9468458783258473,-1.4857036756495858
0.06777644082114828,-0.6442699912502899
0.06777644082114828,1.065321467383643
-0.3533298692301219,-0.5467661033757645
0.3944118710543379,0.9828708217700407
0.06777644082114828,0.08266201707195922
-0.9468458783258473,-1.3154923827885598
0.3944118710543379,1.7274878226743446
-0.9468458783258473,-0.9820655519135215
-0.9468458783258473,-1.3009706682889708
1.7930805312111269,2.1492052646775166
-0.3533298692301219,-0.29269900212810257
3.2003851490907405,2.8626814086553867
0.3944118710543379,0.3528500992364856
2.002550199297059,2.4852704734930775
-0.9468458783258473,-0.5638803852527324
0.6612924499168739,0.4139568325093395
0.06777644082114828,0.6204479681655769
-0.3533298692301219,-0.726430331079174
1.0823987599681437,1.077752710368993
-0.9468458783258473,-1.147833910617361
-0.9468458783258473,0.3320705759492285
0.06777644082114828,-0.11111494373362037
-0.3533298692301219,-0.6141811761584877
0.6612924499168739,1.5760423635503729
-0.3533298692301219,-0.02655243688211601
-0.9468458783258473,-0.5548806287254681
0.6612924499168739,0.6558729896383058
-0.9468458783258473,-1.295390651794763
-0.3533298692301219,0.18306171198515636
0.8869367642139765,0.7461208175382895
0.06777644082114828,0.43836565440002245
-0.3533298692301219,-0.07100385098439735
0.06777644082114828,-0.8224536558282373
-0.9468458783258473,-0.8710782806474726
-0.3533298692301219,-0.05505250681027647
0.06777644082114828,0.16818872223780693
0.8869367642139765,1.2358489649200408
0.3944118710543379,0.5979620256835726
0.06777644082114828,-0.4906509008153516
-0.3533298692301219,-0.5897055048115963
-0.3533298692301219,0.1721973597685316
1.6759147690638698,2.136652033854867
0.3944118710543379,0.48167227596448525
1.0823987599681437,0.9099355258327403
-0.9468458783258473,-1.6296680835879984
1.0823987599681437,0.6807493939961631
-0.9468458783258473,-1.0000852192870742
0.06777644082114828,0.4288795715998029
0.06777644082114828,0.4399633496192005
-0.3533298692301219,-1.3574573730530168
0.06777644082114828,0.28691217985334366
-0.9468458783258473,-1.6101500596559604
-0.3533298692301219,-0.020877212598121135
1.0823987599681437,0.5793638388057932
0.3944118710543379,1.0777297821776846
-0.3533298692301219,0.22014582627611623
-0.9468458783258473,-0.4866331439745946
2.0970210791151396,1.4991627400787766
0.6612924499168739,1.3835575344450914
1.0823987599681437,0.36132751065569396
0.3944118710543379,-0.26963603742988185
0.6612924499168739,-0.29494191724064905
-0.3533298692301219,-0.8169297865851101
-0.9468458783258473,-0.5077991506607789
-0.3533298692301219,-0.6346903472575661
1.7930805312111269,1.366969971573363
0.06777644082114828,0.944469339081189
-0.9468458783258473,-1.4695738874732684
0.3944118710543379,0.506642100446762
-0.9468458783258473,-1.5677835842200434
1.2548084590125999,0.21945926917558828
-0.3533298692301219,1.1851878523241777
-0.3533298692301219,-0.03995712838439726
-0.3533298692301219,0.2443233488430356
0.6612924499168739,1.3083529100028841
-0.3533298692301219,-0.14412070437586985
2.807702850358123,1.6724868721246628
0.3944118710543379,1.0241238629735918
-0.9468458783258473,-0.9048648823934744
0.3944118710543379,0.4622375371948717
0.06777644082114828,0.5203548066239678
-0.3533298692301219,0.0673110472190932
-0.9468458783258473,-1.1759763451978111
-0.9468458783258473,-1.6845321575523649
0.06777644082114828,0.12595095530108844
2.862946787255321,2.285465346672308
1.4090341902013341,0.6330211309744506
2.0970210791151396,2.2125725774358957
0.06777644082114828,0.2092083885947363
0.8869367642139765,0.15573256846739955
1.7930805312111269,2.3899863171268776
0.8869367642139765,0.15659380408566692
0.8869367642139765,0.7427826429834223
0.3944118710543379,0.2814812759401609
-0.9468458783258473,-0.020289293133193807
-0.9468458783258473,-0.9329673650290512
1.9015590833609726,0.9116409338747853
-0.9468458783258473,-0.7862693801702864
0.8869367642139765,0.22304463270251135
-0.9468458783258473,-1.8423571340327831
1.0823987599681437,0.6837935481106889
-0.3533298692301219,-0.22529626845627612
0.6612924499168739,0.9531528700211281
1.9015590833609726,1.5905139921989422
-0.3533298692301219,-1.0409421426721948
-0.9468458783258473,-1.0072297861659782
-0.3533298692301219,-0.6187041734272726
0.6612924499168739,0.8719559944641142
-0.9468458783258473,-0.37203779810314347
0.6612924499168739,0.8392703328917365
0.3944118710543379,-0.8239331498068853
0.06777644082114828,0.23612085759648516
-0.3533298692301219,-0.17137528464615728
0.06777644082114828,0.06821212407963537
-0.9468458783258473,-0.8413675620445823
-0.9468458783258473,-0.58294235051951
-0.9468458783258473,-0.9557747071294183
0.06777644082114828,0.27239932579807286
-0.9468458783258473,-1.16385457892528
0.6612924499168739,0.5972048126553441
0.06777644082114828,0.7437707673869673
-0.9468458783258473,-1.1639961258507474
-0.9468458783258473,-1.440988110302887
0.6612924499168739,0.8913736510201319
-0.9468458783258473,-1.1409731841664768
-0.3533298692301219,-0.09649996463094045
-0.9468458783258473,-0.42393831407989774
-0.9468458783258473,-0.6214542474961186
-0.9468458783258473,-0.22126174726941886
-0.9468458783258473,-0.5253866425814531
-0.3533298692301219,-0.3906884529981676
0.06777644082114828,-0.15391711872812985
-0.9468458783258473,-1.0244037259435994
-0.9468458783258473,-0.07945318741044273
0.3944118710543379,0.02151333220279813
-0.9468458783258473,-1.3591416728519619
-0.3533298692301219,-0.5092969508401667
-0.3533298692301219,-0.09694761264896294
-0.9468458783258473,-1.7400366730186734
-0.3533298692301219,-0.6193251030557724
-0.3533298692301219,0.3844160853614831
1.2548084590125999,1.418623527690299
-0.3533298692301219,0.06481513954612274
0.6612924499168739,0.14295044769355747
0.06777644082114828,0.15553299219039246
2.348573867785618,1.4413488152979415
-0.9468458783258473,-0.6755344219033443
-0.3533298692301219,-0.2766426444683847
0.06777644082114828,0.07711749514088849
-0.3533298692301219,-0.03214200792460345
-0.9468458783258473,-0.8961400559127555
-0.3533298692301219,0.12885473854360005
0.06777644082114828,1.192611002848801
-0.3533298692301219,-0.6667660678928989
-0.9468458783258473,-0.7021660693671344
-0.3533298692301219,0.42835068930946063
0.6612924499168739,0.8300672053728427
0.6612924499168739,-0.46624929187776837
-0.3533298692301219,0.3466434017427732
0.6612924499168739,1.099201183754216
0.06777644082114828,0.4459564387738458
0.8869367642139765,0.20671013195856716
1.2548084590125999,1.2875959336712268
2.0970210791151396,1.3577681943279838
-0.9468458783258473,-0.9077715849366536
0.06777644082114828,-1.9510788160748165
-0.3533298692301219,-0.7290566330103322
-0.9468458783258473,-1.5419459255106145
1.9015590833609726,1.5489184834530985
0.06777644082114828,0.19961484999680656
-0.3533298692301219,-1.231761709151613
-0.9468458783258473,-1.1334437402086466
-0.9468458783258473,-0.11082380985396893
1.6759147690638698,2.020491470847342
-0.9468458783258473,-0.6980695685506906
-0.9468458783258473,0.603102533369901
0.8869367642139765,0.2971251290542853
1.4090341902013341,0.6859802486213719
-0.9468458783258473,-1.309867169553079
0.3944118710543379,0.7742441773920842
0.06777644082114828,-0.23301392713259644
0.8869367642139765,0.6383639208860834
-0.9468458783258473,-0.6728989225667074
-0.9468458783258473,-0.5798663080776121
0.6612924499168739,-0.14888446361243027
-0.9468458783258473,-1.3740324967816033
0.6612924499168739,0.41227997953033724
0.3944118710543379,0.3710132341533104
-0.9468458783258473,-0.6489667897270046
-0.9468458783258473,-0.4220689305544476
-0.9468458783258473,-1.26983502701969
-0.9468458783258473,-2.2623643109195317
3.284053097306591,1.861796936290342
-0.9468458783258473,-1.5311230039693597
-0.9468458783258473,-0.683182830764723
-0.9468458783258473,-1.2472140650462706
0.06777644082114828,0.1947314122296951
-0.9468458783258473,-0.05680137192939035
-0.9468458783258473,-1.473940778181521
-0.3533298692301219,-0.15730330336500434
-0.9468458783258473,-1.1156125319106984
1.0823987599681437,1.5266882104526085
-0.3533298692301219,-0.5023517182722365
0.06777644082114828,0.5528753181608573
-0.9468458783258473,0.029380181819223878
0.6612924499168739,0.4035365267291438
-0.9468458783258473,-1.0274215665235997
-0.9468458783258473,-0.9987406902144315
0.8869367642139765,0.7637226978808974
-0.3533298692301219,-1.2652701029565017
-0.9468458783258473,-1.4184953246693184
0.6612924499168739,0.16062473510786426
-0.3533298692301219,-0.7683697750134459
-0.3533298692301219,-0.5117995308438431
1.5485483343593769,1.357022528064196
0.06777644082114828,0.37855333239860467
-0.3533298692301219,0.5610231223689186
1.0823987599681437,1.3206905989518907
0.3944118710543379,-0.2218140172175584
0.06777644082114828,-0.38057272328213354
0.3944118710543379,1.0588683644114956
-0.9468458783258473,-0.9517832638261251
-0.9468458783258473,-0.586030261964856
2.495075092456698,1.8443906067781404
-0.3533298692301219,-0.4362539357394994
2.423656509348329,1.0249202678836977
-0.9468458783258473,0.06668273064680971
-0.3533298692301219,0.37779770058650985
0.3944118710543379,0.12907983476738763
0.6612924499168739,0.5385615391108403
0.06777644082114828,-0.3742157740692873
1.0823987599681437,0.8920679234552399
-0.9468458783258473,-1.6247857293310237
0.3944118710543379,0.49118863452227923
-0.9468458783258473,-0.85347186844203
-0.9468458783258473,-0.31816637946528536
-0.9468458783258473,-1.4045445877384948
-0.3533298692301219,-1.0772373908146826
-0.9468458783258473,-1.0037074604476404
0.3944118710543379,-0.5726443694010026
0.06777644082114828,-0.09753241911176705
-0.9468458783258473,-1.7926102574513256
0.6612924499168739,1.0572733881950966
1.2548084590125999,-0.03476159364609708
-0.3533298692301219,-0.3039447522961222
-0.9468458783258473,0.05096742300825074
-0.9468458783258473,-0.612023918818163
-0.3533298692301219,0.7649565082211298
-0.9468458783258473,-0.7014774490305238
-0.9468458783258473,-1.3176049271440369
-0.9468458783258473,0.04709120145209915
-0.9468458783258473,-0.18413032498566748
-0.3533298692301219,-0.7385944223394846
-0.9468458783258473,-0.6080800608977092
-0.3533298692301219,-0.4406372822468656
1.0823987599681437,0.823679574874667
-0.9468458783258473,-1.5599288440294203
0.6612924499168739,0.8795146401429293
-0.9468458783258473,-0.6879321430470722
-0.3533298692301219,-0.30609021879927295
0.8869367642139765,1.9628818652446411
-0.9468458783258473,-0.7865637641071546
0.06777644082114828,-0.09155522742035713
1.7930805312111269,1.522667916650049
3.2428168327411573,3.0253789475867428
-0.3533298692301219,0.3654350682874999
0.3944118710543379,1.2324238658486588
-0.9468458783258473,-0.7979209505828949
1.5485483343593769,1.0688793373780594
-0.9468458783258473,-0.7996250480282975
-0.3533298692301219,-2.094845623592846
0.6612924499168739,0.5347464621655862
2.002550199297059,1.0674493775992753
-0.3533298692301219,0.18415671185955984
-0.3533298692301219,-0.6344468411782944
1.4090341902013341,0.7460384002489304
0.06777644082114828,-0.20103448542912022
1.2548084590125999,1.1902588153825988
1.0823987599681437,1.215009790864243
-0.9468458783258473,-0.6170348304703832
-0.9468458783258473,-0.845445404348338
-0.9468458783258473,-1.845225929440043
0.06777644082114828,-0.5150226839675148
-0.3533298692301219,-0.8793012242612744
-0.9468458783258473,-0.5080277998995364
0.6612924499168739,1.1565783647822847
-0.9468458783258473,-1.2218094026397859
-0.3533298692301219,0.15130298994268368
-0.9468458783258473,-0.6965420596802383
2.5631706535063725,1.8364817706624665
0.6612924499168739,-0.014489831977817016
0.06777644082114828,0.5344865787499073
0.3944118710543379,0.1858531901417228
-0.9468458783258473,-0.4625090022504334
0.06777644082114828,-0.21400151988192803
0.06777644082114828,0.4793208039567954
-0.9468458783258473,-0.7102351414426918
-0.3533298692301219,1.1815786869216711
-0.9468458783258473,-1.5654424336766368
3.111643398262135,2.6682656986733964
-0.3533298692301219,-0.12125652957243188
-0.9468458783258473,-1.2414753768593545
-0.9468458783258473,-0.36914884568285583
-0.3533298692301219,-0.00010078997635763326
-0.3533298692301219,-0.7996549768872308
2.002550199297059,1.5296853441078888
1.0823987599681437,0.9956906764877043
-0.3533298692301219,0.6220855392207038
0.06777644082114828,0.6014412042352966
0.3944118710543379,0.24211979824635818
0.6612924499168739,1.1565342120408315
1.0823987599681437,1.1666565040903702
0.06777644082114828,0.10052783584833773
-0.3533298692301219,-0.5170174861474438
-0.9468458783258473,-0.6909834259259229
-0.9468458783258473,-0.9382170001575295
0.06777644082114828,0.49605293937774236
-0.9468458783258473,-0.6726435104675955
0.6612924499168739,0.31635224565522974
0.06777644082114828,0.9946198301867535
1.4090341902013341,1.3216420605619053
-0.9468458783258473,-1.629330411547818
-0.9468458783258473,-1.6705483670804424
-0.9468458783258473,-1.5191196494953338
1.0823987599681437,0.2823876993850189
0.3944118710543379,1.1206060980024544
0.06777644082114828,0.5430576157768445
0.3944118710543379,0.40755276901002424
-0.9468458783258473,-1.8127336700982688
3.8223251695051186,3.0940132647088863
0.06777644082114828,0.4606899363409915
-0.3533298692301219,-0.5045221039593674
0.06777644082114828,-0.8693131667079923
-0.9468458783258473,-0.6458983880305701
-0.9468458783258473,-0.6744075154596547
-0.3533298692301219,-1.6333070849519105
0.06777644082114828,-0.24334163939910491
0.06777644082114828,0.2968286139979932
3.065169952481378,2.5971167509785396
2.002550199297059,1.1458138317660016
-0.9468458783258473,-0.7203627100945431
0.06777644082114828,-0.18891578731965872
0.3944118710543379,0.44209077432433425
-0.9468458783258473,-1.4749144428646697
-0.9468458783258473,-1.1163679977911056
-0.3533298692301219,-0.7357985027534404
1.5485483343593769,1.2720937607541802
0.06777644082114828,0.06473384098368033
-0.9468458783258473,-0.4666045432836457
-0.3533298692301219,0.812787215766523
0.3944118710543379,-0.07095568687964167
-0.9468458783258473,-0.8316833820170209
-0.3533298692301219,0.2993568676495529
2.862946787255321,1.9206886884803869
0.06777644082114828,0.8608489683272127
0.06777644082114828,0.31331125017793493
3.735341725900796,3.456162336816714
1.0823987599681437,1.367449046535426
-0.9468458783258473,0.19128564417429905
-0.9468458783258473,0.28297593770868007
-0.9468458783258473,0.051504879299543345
-0.9468458783258473,-0.6584188122887251
1.2548084590125999,0.9914976295623077
0.06777644082114828,-0.26123803129501966
-0.3533298692301219,1.299710321688604
-0.9468458783258473,-0.12480318157083398
-0.3533298692301219,-0.729687133073333
1.2548084590125999,0.16353137228142892
-0.9468458783258473,-1.3981334049230223
0.6612924499168739,0.828816439678587
-0.3533298692301219,1.0463257289839654
0.3944118710543379,-0.05753514200220862
-0.9468458783258473,-1.3818618475122015
0.06777644082114828,1.2439279221433985
-0.3533298692301219,-0.1554009932738539
-0.9468458783258473,-1.6386687056417077
-0.9468458783258473,-1.338338499768545
0.8869367642139765,0.5511062603638328
-0.9468458783258473,-1.9384362515875855
0.6612924499168739,0.5004575635771353
-0.9468458783258473,0.1254706754708213
-0.9468458783258473,-1.1942898066874703
-0.3533298692301219,0.029560733053834033
0.3944118710543379,0.0035935396002140583
1.4090341902013341,0.9021141740854823
1.0823987599681437,0.8707653484769203
0.06777644082114828,0.1919361078187062
2.7502919395815186,1.7446499940066857
4.103213420699419,2.926027930240176
-0.3533298692301219,0.19150252413794466
0.3944118710543379,-0.04642343680450349
-0.9468458783258473,-0.3272865561906997
0.3944118710543379,1.1845034374760202
1.0823987599681437,1.5641528506433648
-0.9468458783258473,-0.35528778953030565
-0.9468458783258473,-0.526853900639339
0.06777644082114828,0.14087403131447226
2.967547746175524,3.6167616307115265
0.3944118710543379,-1.0452018889195087
-0.9468458783258473,-0.6819934342330938
1.9015590833609726,1.6054477583906983
-0.9468458783258473,-2.082410015132684
0.8869367642139765,2.708670058093161
-0.9468458783258473,-1.28363334682863
-0.3533298692301219,-0.446198552344554
0.06777644082114828,2.180291561141474
0.6612924499168739,0.3302784897245463
-0.3533298692301219,0.17359121741821354
-0.9468458783258473,-1.0128354473853367
0.06777644082114828,0.3678185439491189
-0.3533298692301219,0.20128747619374981
1.2548084590125999,0.9984517341093727
-0.3533298692301219,-0.21812974826814638
-0.9468458783258473,-1.180587831033628
0.8869367642139765,0.8717891881958907
1.2548084590125999,0.22840516364729882
0.06777644082114828,0.007270893449698523
0.06777644082114828,-0.048095015713343056
0.06777644082114828,-0.037274329700845425
1.2548084590125999,0.9358479804554347
0.3944118710543379,0.5328066012539217
0.3944118710543379,0.23414133111208568
2.807702850358123,1.3638970818777911
0.3944118710543379,0.4387414951185294
-0.9468458783258473,0.7199723619954747
-0.3533298692301219,-0.15763868574817147
-0.9468458783258473,1.7172291578716419
-0.3533298692301219,-0.8092295796567984
-0.9468458783258473,0.4162526895057512
0.06777644082114828,0.05858206669183301
-0.9468458783258473,-0.4879296079419947
-0.3533298692301219,-0.14236790863848206
0.3944118710543379,0.29327711399199696
0.06777644082114828,3.2064497662807248
0.6612924499168739,0.2591981281296045
-0.9468458783258473,-0.8501495978544839
1.4090341902013341,1.915829840303521
-0.9468458783258473,-1.245383651223163
0.8869367642139765,1.0296182111607242
1.0823987599681437,1.1453872825204159
-0.3533298692301219,-0.8373103930982477
-0.9468458783258473,-0.9943387892114117
-0.9468458783258473,-0.667400075755946
0.06777644082114828,0.4917550797465804
0.06777644082114828,-0.7264576440166125
-0.3533298692301219,0.4949197850089042
-0.9468458783258473,-3.0533467953054436
1.5485483343593769,1.0076579737033275
-0.9468458783258473,-0.6897562985302864
-0.3533298692301219,-0.09646267192964254
0.06777644082114828,0.2907295493152576
0.06777644082114828,-0.32610977930378443
-0.9468458783258473,-0.013884160450805446
0.8869367642139765,0.25697127246113793
-0.9468458783258473,-0.6757651211093161
0.06777644082114828,-0.2859762238987327
2.269430778159595,2.3329671155109026
1.4090341902013341,1.0259666412044097
0.6612924499168739,0.8572744472023562
-0.9468458783258473,-1.5207392084984275
0.6612924499168739,0.28940283180093024
0.8869367642139765,0.5072386411598861
1.0823987599681437,0.5358077179693139
-0.3533298692301219,-1.0365439761155433
1.6759147690638698,1.65252836659848
-0.9468458783258473,0.08889840357860537
-0.9468458783258473,-0.06504154646614918
-0.9468458783258473,-0.9056503606239897
0.06777644082114828,-0.21604853796128554
-0.9468458783258473,-1.2106277263310368
-0.9468458783258473,-1.3013067097481823
-0.9468458783258473,-1.040335454201509
-0.3533298692301219,0.25688334818947034
0.06777644082114828,-1.2620100733307071
-0.9468458783258473,-0.4760366800977835
-0.9468458783258473,-0.4443724972290999
0.06777644082114828,0.010583525121924967
1.6759147690638698,1.403858982412628
-0.9468458783258473,-0.9911387207421468
-0.3533298692301219,-0.3165772974769505
-0.3533298692301219,-0.31275677942315
-0.9468458783258473,-0.7834781204808487
-0.9468458783258473,-0.1598826526439772
0.8869367642139765,1.083745911159468
-0.9468458783258473,-0.17485002192942953
0.3944118710543379,-0.4464102597146154
-0.9468458783258473,-0.6306819409310058
-0.9468458783258473,-0.616106276220854
-0.9468458783258473,-0.15194288958650254
1.9015590833609726,1.9034846629929372
2.6282387251868435,2.1462659912242805
0.06777644082114828,0.33836200243801173
-0.9468458783258473,-0.10536257152275334
0.3944118710543379,0.44722405130384324
-0.9468458783258473,-0.9338163213215572
-0.9468458783258473,-0.6944136818692637
-0.3533298692301219,1.0786578488926424
0.3944118710543379,-0.06506545084428512
0.3944118710543379,0.2019127405986648
1.7930805312111269,1.1636836927335459
-0.9468458783258473,-0.5349830118317832
0.06777644082114828,0.6048276999836607
-0.9468458783258473,-0.583970331037676
-0.9468458783258473,-0.8926026283613876
1.7930805312111269,1.552074525825504
-0.9468458783258473,-1.1071293584078352
-0.3533298692301219,-0.5056405985136969
0.06777644082114828,0.6323513922726841
0.06777644082114828,-0.3376536415419387
0.06777644082114828,1.4023301822887322
-0.9468458783258473,-0.48110627975958703
-0.9468458783258473,-0.7858280072075291
-0.3533298692301219,-0.0536726578351602
-0.9468458783258473,0.5743369005504525
2.348573867785618,1.536307341507684
-0.3533298692301219,-0.21952023478030258
-0.9468458783258473,-1.373787142990043
-0.3533298692301219,0.15926227497319848
0.06777644082114828,0.08973611224147078
0.8869367642139765,0.6049363697166815
0.6612924499168739,0.7951748179345889
-0.9468458783258473,-0.40642628240798784
3.509697411603694,2.4860545494936632
0.3944118710543379,-0.16748075834737422
-0.3533298692301219,0.05874591006707284
1.2548084590125999,0.6556690402765589
2.185762829943745,1.2812270476277192
-0.9468458783258473,-0.6224609830163331
0.06777644082114828,0.4657118142355991
0.06777644082114828,0.3559849286881963
1.0823987599681437,0.7448880103220948
-0.9468458783258473,-0.7600947157906205
-0.9468458783258473,-0.43149760933589526
0.06777644082114828,-0.2529121231040345
-0.9468458783258473,-0.9987406902144315
-0.9468458783258473,-1.3224217766501771
-0.9468458783258473,-0.5590797413236067
0.06777644082114828,-0.5216773547155252
0.6612924499168739,0.3318158490649942
-0.3533298692301219,-0.18941824954343922
0.6612924499168739,0.7209039910720444
0.06777644082114828,-0.5176484581039297
-0.9468458783258473,-0.5927041177458879
-0.9468458783258473,-1.2514136560457891
-0.9468458783258473,0.006833998271192144
0.3944118710543379,0.14948587689400586
-0.9468458783258473,-1.1075250047950957
-0.3533298692301219,-0.2755690762870231
-0.9468458783258473,-1.678227140062274
0.6612924499168739,0.8926676947300922
-0.3533298692301219,-0.13762958159861974
-0.9468458783258473,-0.4312709217534085
0.06777644082114828,-0.24858597483318587
2.0970210791151396,2.2719280478525277
-0.3533298692301219,-0.8437358713963081
-0.3533298692301219,-0.7312518210100298
0.3944118710543379,0.09173321693742631
0.06777644082114828,-0.3650695862511796
-0.9468458783258473,-1.7475346617597067
-0.3533298692301219,-0.23549464756324498
-0.9468458783258473,-1.3172048286417224
0.6612924499168739,0.018687202789705516
0.06777644082114828,-0.2955155852136968
-0.9468458783258473,-0.9097267158934907
1.2548084590125999,1.4292821713574497
1.5485483343593769,1.3695814397745
-0.3533298692301219,-1.8740356175959612
0.6612924499168739,0.6041650128151775
-0.3533298692301219,0.12893915704718822
0.6612924499168739,2.01759722548256
-0.9468458783258473,-0.678615892959136
-0.9468458783258473,-1.5095431902348537
-0.9468458783258473,-0.6802899905047864
-0.3533298692301219,-0.06839512619684794
-0.9468458783258473,-0.5335007875717159
-0.9468458783258473,-1.1370855336302257
0.3944118710543379,-0.2536228202380571
2.0970210791151396,0.9874333063428153
0.06777644082114828,0.45728086594130857
0.6612924499168739,0.5660906684105634
-0.9468458783258473,-0.8660546820623279
-0.9468458783258473,0.33985510129638796
-0.9468458783258473,-0.1251509821691398
-0.9468458783258473,-0.8584812782999611
0.6612924499168739,0.7268266534625624
-0.9468458783258473,-0.5277696413117722
0.06777644082114828,0.7252298903607766
-0.9468458783258473,-1.0080060061330918
-0.9468458783258473,-0.9749921345873674
0.3944118710543379,0.11176073568694356
0.3944118710543379,-0.1588472274329852
1.0823987599681437,0.8476852417793947
-0.3533298692301219,-0.7308397643339631
-0.3533298692301219,-1.1165458581592902
-0.9468458783258473,-0.3139466941740528
-0.9468458783258473,-0.11679420071913656
0.06777644082114828,2.283809070527971
1.5485483343593769,0.8998372656782613
0.06777644082114828,0.4694898257953318
-0.9468458783258473,-0.709940777193435
1.6759147690638698,1.2447006430000591
-0.9468458783258473,0.44548924941434676
-0.3533298692301219,-0.32412478599999217
3.065169952481378,1.6338537891474831
0.06777644082114828,-0.017333636072975694
0.3944118710543379,1.1037474190668646
-0.9468458783258473,-0.21986823423064197
-0.9468458783258473,-1.563108111972904
-0.9468458783258473,-0.04779083246298187
0.06777644082114828,0.5670243859796282
0.6612924499168739,1.0354528768832043
0.06777644082114828,0.24888190033360072
-0.9468458783258473,-0.4446029270387414
-0.3533298692301219,-0.035440867763138935
0.06777644082114828,-0.09146874976818438
-0.9468458783258473,-1.211879146012704
-0.9468458783258473,-0.8848083111208179
-0.9468458783258473,-1.4265122321213588
0.3944118710543379,0.5795401190054895
-0.3533298692301219,0.16149873581583482
1.0823987599681437,1.083136935097206
1.4090341902013341,1.269355431418273
0.6612924499168739,0.14553611818203893
-0.3533298692301219,-0.5233708961862824
-0.9468458783258473,-0.6914538883654283
-0.3533298692301219,-0.07022154322258163
0.06777644082114828,1.0572234020418754
-0.9468458783258473,-1.4430585278502523
-0.3533298692301219,-1.1414317989202045
0.3944118710543379,-0.02439110799511703
0.06777644082114828,-0.021375020486195603
0.06777644082114828,-1.3348259145097274
0.8869367642139765,0.22610744172611072
1.4090341902013341,1.3570932850488808
0.06777644082114828,0.2672869874507488
-0.9468458783258473,-0.06133307689837167
-0.3533298692301219,-1.329005650867557
-0.3533298692301219,-0.7828331094584694
-0.3533298692301219,-0.3299115257496644
-0.9468458783258473,0.29049197549845873
0.6612924499168739,0.6892048943599783
-0.9468458783258473,-0.3762586155700105
-0.9468458783258473,-0.9623494081981949
-0.9468458783258473,-2.5240410167122627
-0.9468458783258473,-0.687229649917758
0.06777644082114828,0.6125375677856529
-0.9468458783258473,-0.6743563301239577
-0.9468458783258473,-0.5936290328714967
-0.9468458783258473,-1.3160057319034992
-0.3533298692301219,-0.3129359684719244
-0.9468458783258473,-1.1919409257838731
-0.3533298692301219,-0.28322435251132155
-0.9468458783258473,-0.7823936270900578
0.6612924499168739,0.7141565799347627
0.3944118710543379,0.799223800370652
1.9015590833609726,3.3945291113683083
-0.9468458783258473,0.025835263093009115
-0.9468458783258473,-0.44556376605841586
-0.9468458783258473,-0.35360619824950984
-0.9468458783258473,-0.6230608321782064
-0.9468458783258473,-1.3946006991621744
0.06777644082114828,1.0099446401307903
1.4090341902013341,0.9360259054616805
-0.9468458783258473,-0.6268381977049475
0.3944118710543379,0.2536313666377807
0.06777644082114828,0.5511007259243023
0.06777644082114828,0.009702222299589138
-0.3533298692301219,-0.12373496231107738
1.0823987599681437,0.9171524139407657
-0.9468458783258473,-0.5152324291458495
-0.9468458783258473,-1.305913474544567
-0.9468458783258473,-0.8693784719202653
-0.9468458783258473,-2.144684774352417
-0.9468458783258473,-0.3683802164474072
-0.9468458783258473,-0.6579924429320076
-0.9468458783258473,-1.1761679608394198
-0.3533298692301219,-0.7225069680255901
-0.3533298692301219,-0.15342310466864617
1.6759147690638698,0.8032604776036772
-0.9468458783258473,-0.5789571540765628
-0.9468458783258473,-1.1469557740767267
1.4090341902013341,0.17359121741821282
-0.9468458783258473,-0.7340318735076554
-0.3533298692301219,-0.11340974458879703
-0.9468458783258473,-0.4167093759603285
-0.9468458783258473,-1.1165903294284165
-0.3533298692301219,0.13120574430813386
1.4090341902013341,0.8531604188597169
0.06777644082114828,-0.7140448689336187
1.7930805312111269,2.1351134864993493
-0.9468458783258473,-0.8416198480452852
1.0823987599681437,0.6409453284584321
0.06777644082114828,-0.08970417713552904
-0.3533298692301219,-0.26107005064433975
-0.3533298692301219,-0.18681166744050104
0.6612924499168739,0.7085937536585414
-0.9468458783258473,-1.2874231694913518
-0.9468458783258473,-0.22567600622314155
0.8869367642139765,0.18246540223602353
0.6612924499168739,0.2788336060677714
-0.9468458783258473,-1.3438727361980296
-0.9468458783258473,-0.9400696722348133
-0.9468458783258473,-0.5751499458562175
-0.3533298692301219,-1.0537900122135262
0.3944118710543379,0.14963212906256207
-0.9468458783258473,-1.2029618383069052
1.4090341902013341,1.6126336996827138
2.185762829943745,2.034448820256974
-0.9468458783258473,-0.511047934784198
0.8869367642139765,0.487895322228963
0.06777644082114828,-0.08892801094188968
0.06777644082114828,-0.49636723028636665
1.0823987599681437,1.0748470672327315
-0.3533298692301219,-0.12708596503423575
-0.9468458783258473,-1.5827720674265415
-0.9468458783258473,-0.1465387382690384
1.4090341902013341,0.5681249900711974
0.6612924499168739,0.41840480611913394
0.8869367642139765,1.1036253367739983
-0.3533298692301219,-0.3727221679294327
-0.9468458783258473,-1.0056796012292517
-0.3533298692301219,-0.5863740998749152
-0.9468458783258473,-1.7593617152902843
-0.3533298692301219,0.018428807429393707
-0.3533298692301219,0.11361765202354698
-0.9468458783258473,-0.32858135117178805
0.3944118710543379,0.44638550758582074
-0.9468458783258473,-1.4388565086475087
-0.9468458783258473,-0.9636341187282998
1.5485483343593769,0.8574556287627269
1.7930805312111269,1.1642292353789456
-0.3533298692301219,-0.3577651274250645
0.06777644082114828,-0.20957942253785325
1.4090341902013341,0.5378697516682353
-0.9468458783258473,-0.9153442091439431
-0.9468458783258473,-1.4999363595684125
-0.9468458783258473,-0.5786391940267762
-0.9468458783258473,-0.413525566690601
1.4090341902013341,1.6426232254304851
0.06777644082114828,0.07633658493416307
-0.9468458783258473,-1.2175601038597272
-0.9468458783258473,-1.1443271310800185
-0.3533298692301219,0.011366091476303734
-0.3533298692301219,1.327056490280548
0.06777644082114828,0.4904188191211729
-0.9468458783258473,-1.0375103067501852
-0.9468458783258473,-0.7596675414000956
0.06777644082114828,-0.34928121300344583
-0.9468458783258473,-0.5861448581880561
0.06777644082114828,0.18000531683328508
-0.3533298692301219,-0.2442531828063343
0.6612924499168739,0.6631422735506864
0.3944118710543379,0.7369378346652048
0.3944118710543379,1.0538317629079685
-0.9468458783258473,-0.5386466256884804
0.06777644082114828,-0.4034289653336561
1.7930805312111269,1.3850113153560981
-0.9468458783258473,-0.482695879506429
-0.9468458783258473,-0.131606214158257
-0.9468458783258473,-1.346357904507942
-0.3533298692301219,-0.681218692112481
-0.9468458783258473,-0.556977430915603
-0.9468458783258473,0.014553652362903425
-0.3533298692301219,-0.9597861577508874
-0.9468458783258473,-0.5513834896040969
0.3944118710543379,0.441265877889584
-0.9468458783258473,-0.4104647853157107
5.865577480130875,3.0554632351704902
2.967547746175524,1.844478570475615
-0.9468458783258473,0.8192343159476138
0.06777644082114828,0.29314725438814965
0.6612924499168739,0.5918736460964071
0.06777644082114828,-0.05805629050772022
0.06777644082114828,0.5380497864480536
-0.9468458783258473,-1.1559209295392183
0.3944118710543379,0.498344004541707
2.269430778159595,3.598684185597821
0.3944118710543379,0.4936185361548677
-0.3533298692301219,0.20394788779336306
-0.9468458783258473,-1.126749802511471
-0.9468458783258473,-0.6567898012504652
-0.3533298692301219,-0.33344721843112335
-0.3533298692301219,-0.6376182141453591
-0.9468458783258473,-1.604566287240852
2.423656509348329,1.8212059650868855
-0.3533298692301219,0.2338369863669008
1.7930805312111269,0.9277655680176836
-0.3533298692301219,-0.35914474716656225
-0.3533298692301219,0.07904647822939083
0.3944118710543379,1.284204174491411
0.6612924499168739,1.221226492843814
0.06777644082114828,-0.371441645133241
2.5631706535063725,1.4690377990090282
-0.3533298692301219,0.6838029257461722
0.6612924499168739,0.35097608283125364
0.6612924499168739,1.102681345109103
-0.3533298692301219,0.3073670024949122
-0.9468458783258473,-1.1439588887068568
-0.9468458783258473,-1.1273355456000638
0.8869367642139765,-0.044790301416604394
-0.9468458783258473,-0.982103144168659
-0.9468458783258473,-0.8367459082196236
0.3944118710543379,0.7889002750109828
0.06777644082114828,0.31233479101531075
-0.3533298692301219,-0.043753824014820995
0.06777644082114828,-0.07053437456490753
0.3944118710543379,0.5063612214663775
0.3944118710543379,0.03488457525233106
-0.9468458783258473,-0.9702739766013238
-0.9468458783258473,-0.22376454265483015
0.8869367642139765,0.3754506975526709
-0.9468458783258473,-1.191843205199668
-0.3533298692301219,0.02445777549467599
0.06777644082114828,-0.3235797748891736
-0.3533298692301219,-0.05797335781390086
0.3944118710543379,-0.05664760220045264
0.3944118710543379,0.053991080373943505
0.3944118710543379,0.399794278210588
0.6612924499168739,0.5118032197835695
0.3944118710543379,-0.1565123577564457
-0.9468458783258473,-2.331135392895128
0.06777644082114828,0.7525749893241547
-0.9468458783258473,-0.6928669373890235
-0.3533298692301219,0.5257542034559061
0.6612924499168739,0.8357607820265547
-0.9468458783258473,-1.026984068813383
-0.3533298692301219,-0.4314598236127431
-0.3533298692301219,-0.4582584727333982
0.8869367642139765,1.090642708705967
-0.3533298692301219,-0.05658846786339339
-0.9468458783258473,-1.4788209911125343
1.0823987599681437,1.4253045817095098
-0.3533298692301219,-0.7525531144945141
2.0970210791151396,1.3266765074218767
-0.9468458783258473,-1.5078735898617472
1.2548084590125999,1.053681148692827
-0.9468458783258473,-0.15954632873763844
-0.9468458783258473,-1.298287404339001
0.06777644082114828,0.5747238844667711
-0.3533298692301219,1.3766512891566742
1.4090341902013341,0.6349622031871164
0.6612924499168739,0.5284459955540334
1.0823987599681437,1.619429494915858
-0.3533298692301219,-1.0575816564753049
0.8869367642139765,-0.047451687488451154
0.06777644082114828,-0.12110268328891306
-0.3533298692301219,0.42776334950185924
0.06777644082114828,0.08676568420648291
-0.3533298692301219,0.4904427004942671
0.3944118710543379,-0.2925401686010647
1.4090341902013341,0.7371791155793241
0.06777644082114828,-0.01770531317077219
-0.9468458783258473,-0.45469138881633686
-0.3533298692301219,-0.3452169131770809
0.06777644082114828,-0.023800602361718617
-0.9468458783258473,-1.2047472987674286
0.3944118710543379,0.7646344594448236
1.4090341902013341,1.0150472777607134
-0.9468458783258473,0.36238615539345503
-0.3533298692301219,0.37645641549156467
0.3944118710543379,0.4583131920542638
0.06777644082114828,0.33148822388994625
-0.3533298692301219,-1.2461153144444368
-0.9468458783258473,0.11975113843994979
-0.3533298692301219,-0.014198155133577391
-0.9468458783258473,-0.7890408737848523
-0.3533298692301219,-0.14536184197586377
-0.9468458783258473,-1.0405376325931446
0.06777644082114828,-0.014994908641649958
-0.9468458783258473,-0.5626330060058777
-0.9468458783258473,-1.9177185777591812
-0.3533298692301219,0.13151432760726464
1.6759147690638698,0.966792892645018
0.06777644082114828,1.7841057219807328
-0.9468458783258473,-1.2261323791511325
1.0823987599681437,1.5691780584909165
-0.9468458783258473,-0.5191437433021151
-0.9468458783258473,-1.0961732864739573
1.0823987599681437,1.7870844254117895
0.6612924499168739,-0.6785901649456525
0.8869367642139765,0.2823876993850189
0.3944118710543379,-0.14982733986102229
-0.9468458783258473,-1.3510534012968938
0.3944118710543379,1.008539676440148
-0.9468458783258473,-1.4836607891938935
-0.3533298692301219,0.7694179320352182
-0.3533298692301219,-0.05216579965843898
0.3944118710543379,0.6252901317121331
-0.9468458783258473,-1.4774236051745453
1.2548084590125999,1.0718817569721375
-0.9468458783258473,-0.07536264093500511
0.06777644082114828,0.5677673242309765
-0.9468458783258473,-0.29824613798378785
0.3944118710543379,0.20118464623483054
0.06777644082114828,0.5912633055283024
1.9015590833609726,1.2979513933430602
1.0823987599681437,1.1576917665879938
-0.9468458783258473,0.8355125577794202
-0.9468458783258473,-0.5317642808940065
-0.9468458783258473,-0.6018614619623955
1.7930805312111269,1.4293394315800048
-0.3533298692301219,0.13656562230989333
1.6759147690638698,1.363494091001275
0.6612924499168739,1.012880843735101
-0.9468458783258473,-0.7187109391813217
-0.9468458783258473,-0.9372922700067656
-0.9468458783258473,-1.2977295216232374
-0.3533298692301219,0.3809597253083044
-0.9468458783258473,-0.7558898693145527
0.8869367642139765,0.8399109913561051
0.06777644082114828,1.0640746531170424
-0.9468458783258473,0.03196772776254495
1.0823987599681437,0.5599838579435858
-0.3533298692301219,-0.693705478629702
1.0823987599681437,0.6327213172680471
0.6612924499168739,1.1078209302955098
-0.9468458783258473,-1.3424560972855148
0.06777644082114828,-0.16881311301242816
1.2548084590125999,1.305749011590069
0.06777644082114828,-0.11146951059681932
-0.9468458783258473,-0.5507253623274067
-0.9468458783258473,-0.4454676302275174
-0.3533298692301219,0.6996800455680826
-0.3533298692301219,-0.22101480246921967
-0.3533298692301219,0.036507482569061535
0.06777644082114828,-0.006040759090139899
-0.9468458783258473,-0.4166722820428108
0.06777644082114828,0.4748284028917367
-0.9468458783258473,-0.5478360148196355
0.3944118710543379,-0.06988478463249202
-0.9468458783258473,-0.6900955285402108
2.0970210791151396,1.7051954832677498
0.06777644082114828,-0.059977994875675615
-0.9468458783258473,-0.45172122793575087
0.3944118710543379,0.3423661610576677
1.0823987599681437,1.361713290630687
1.0823987599681437,1.1958197945299114
-0.9468458783258473,-0.854721284288401
-0.9468458783258473,-0.7129161580987156
0.3944118710543379,0.19429934077802033
-0.3533298692301219,0.10479250535189959
1.5485483343593769,1.6319102298061259
-0.9468458783258473,-0.8275509168640055
0.06777644082114828,-0.04882084269182654
-0.9468458783258473,-0.6998641618758559
-0.9468458783258473,-0.8809891312119644
0.06777644082114828,-0.0970595637890146
-0.9468458783258473,-0.9708297928454652
0.3944118710543379,0.3990115990157637
1.4090341902013341,1.5249920503977876
-0.9468458783258473,-0.6853074534816794
-0.3533298692301219,-0.27921572753019175
-0.9468458783258473,-0.9129269563618201
2.002550199297059,1.4677026293792939
-0.9468458783258473,-0.9190533207322519
-0.9468458783258473,0.0317241765749347
-0.3533298692301219,-0.9945678559213107
-0.9468458783258473,-0.709165244594364
-0.9468458783258473,0.8241990754411564
2.269430778159595,1.8337418566186585
-0.9468458783258473,-0.8425982081956858
0.3944118710543379,0.7723322825959812
-0.3533298692301219,-0.35162029905928216
-0.9468458783258473,-1.4425237135469273
-0.3533298692301219,-0.44232075954051264
-0.3533298692301219,-0.7206880503212693
0.06777644082114828,-1.1401025395305906
1.0823987599681437,0.03555942995066076
0.8869367642139765,-0.687229649917758
0.06777644082114828,0.2955348277529137
-0.9468458783258473,-1.1196648304627763
-0.9468458783258473,-0.002086932764547041
-0.9468458783258473,0.630328781122637
1.2548084590125999,0.42154734132011595
-0.9468458783258473,-1.1072172629249881
-0.3533298692301219,-1.0580775458168057
0.06777644082114828,0.6926021211510995
0.6612924499168739,0.8829511906566783
0.06777644082114828,0.30288154821512336
0.8869367642139765,0.8344994702947811
1.0823987599681437,1.276798597022847
0.06777644082114828,0.48699042828727773
-0.9468458783258473,-1.1071293584078352
1.0823987599681437,0.6910842138638907
-0.3533298692301219,0.39556406510624914
0.6612924499168739,-0.3333803624570357
-0.9468458783258473,-1.7473390175286008
-0.9468458783258473,-0.9234781521299699
-0.9468458783258473,-1.5236183247637478
-0.9468458783258473,-1.4475516843687444
0.06777644082114828,0.06811093006764606
0.06777644082114828,0.7850837059922896
0.8869367642139765,1.7918741435355063
-0.9468458783258473,0.26708970535137183
0.06777644082114828,-0.016692054659965566
1.0823987599681437,0.8728894675952843
-0.9468458783258473,-1.3362876185203856
-0.9468458783258473,-0.8260956599293252
-0.9468458783258473,-1.474149320911914
-0.3533298692301219,-0.7767603793428616
-0.9468458783258473,-0.8301273194553132
-0.3533298692301219,-0.02350551285861313
-0.3533298692301219,0.30594732195671515
1.6759147690638698,1.4826676521026774
-0.9468458783258473,-1.2415273618360434
-0.9468458783258473,-1.1372224237961985
-0.9468458783258473,-1.6278126480520752
0.6612924499168739,1.1615829717711361
-0.9468458783258473,-1.335410275779469
-0.3533298692301219,0.14521451468590155
1.5485483343593769,1.30153690222405
-0.9468458783258473,-1.16683233457248
-0.9468458783258473,-0.20215436684622243
-0.3533298692301219,-0.3539490932902556
-0.9468458783258473,-1.496640356585981
1.7930805312111269,1.3081272872785956
0.6612924499168739,1.0615459363109379
-0.3533298692301219,0.1085344043464694
-0.9468458783258473,0.2916791399426941
-0.9468458783258473,-0.6266935116425377
0.06777644082114828,-0.9978200312421961
-0.3533298692301219,0.27684014011292113
-0.3533298692301219,-0.2510250368329899
0.8869367642139765,0.3739535584255896
-0.9468458783258473,0.49757512742960486
-0.9468458783258473,-0.3656262078861063
1.5485483343593769,1.1680094933784348
-0.9468458783258473,-0.497576968559484
-0.3533298692301219,-0.11704925058930717
-0.9468458783258473,-0.40620658546571686
-0.3533298692301219,-0.8637491856165109
-0.9468458783258473,-0.9673899385317067
-0.9468458783258473,-4.025245430369784
1.4090341902013341,1.054003015220835
-0.3533298692301219,0.23162908122071904
-0.9468458783258473,-0.8035252152241555
0.6612924499168739,0.3616641853385299
0.6612924499168739,0.7789873744403345
-0.3533298692301219,-0.5656657350692733
0.06777644082114828,0.08192628942235991
0.3944118710543379,0.23613726473359806
-0.9468458783258473,-2.4583971448039525
-0.3533298692301219,-1.1081848504199616
-0.9468458783258473,0.19007871852664682
-0.3533298692301219,-0.4588252106229764
-0.9468458783258473,-1.5717007859878869
0.6612924499168739,0.7489525454984736
-0.3533298692301219,-0.08358921380153367
1.6759147690638698,1.6312991177767526
-0.9468458783258473,1.4261803108003237
-0.9468458783258473,-1.66983779413844
-0.3533298692301219,-0.0005637825975174472
-0.9468458783258473,-1.42278709247049
-0.9468458783258473,-1.064552226131393
-0.9468458783258473,-0.3647914205468312
-0.3533298692301219,-0.7734804680459554
-0.9468458783258473,-1.2054427216978467
1.0823987599681437,1.5401489058527384
-0.9468458783258473,-1.8496596400789103
-0.9468458783258473,-1.197383212482278
-0.3533298692301219,-1.6261296133132477
-0.3533298692301219,0.10465716079030088
-0.9468458783258473,-1.1689661069845958
-0.9468458783258473,-0.830189503900999
-0.9468458783258473,-1.763343229589125
0.3944118710543379,0.627984375192934
-0.9468458783258473,-0.8032245266151873
1.6759147690638698,1.3418831260125592
0.06777644082114828,0.21291587666649062
-0.9468458783258473,-1.4624852982799548
-0.9468458783258473,-0.08052479364574508
-0.9468458783258473,-0.27871605828842105
1.0823987599681437,0.2950472128337495
0.8869367642139765,1.1616784615097735
-0.9468458783258473,-0.7325443075201176
0.8869367642139765,0.7237057710464299
-0.9468458783258473,-0.6995999985714758
0.06777644082114828,0.6592886894809428
-0.3533298692301219,0.148854858069865
3.156686662602098,1.3901428660100599
-0.9468458783258473,0.4488544876535126
-0.3533298692301219,-0.12165410274787432
-0.3533298692301219,-0.4763163734983778
-0.9468458783258473,-1.807444273953743
2.495075092456698,2.1850500289442327
0.6612924499168739,0.5018772412954675
-0.3533298692301219,-0.036005449264807976
-0.9468458783258473,-0.4884366101784278
0.06777644082114828,-0.09056746782402361
-0.9468458783258473,0.20002689783292066
0.3944118710543379,-0.004875839866901581
-0.3533298692301219,-0.23744919401341924
-0.3533298692301219,0.09420546798149745
-0.9468458783258473,-0.057760141770538675
1.0823987599681437,1.7495858375828395
0.6612924499168739,0.4373200164413105
-0.3533298692301219,-0.4444108975901043
-0.9468458783258473,-0.984211133746258
-0.9468458783258473,-0.5802075072826751
0.06777644082114828,1.4773051187529034
-0.9468458783258473,-1.2306326708783026
0.06777644082114828,-1.1269750375818706
4.055990274216891,4.7050205497049555
0.3944118710543379,0.07896661268303967
-0.9468458783258473,-1.278880313986144
-0.3533298692301219,-0.00989148997574045
-0.9468458783258473,-0.9483160167091713
0.6612924499168739,0.38737557580726234
-0.3533298692301219,-0.0770109097872334
-0.3533298692301219,-0.1277837057633531
0.3944118710543379,0.05996344380203362
1.5485483343593769,0.7916258321209304
-0.3533298692301219,-0.07939234375200957
-0.9468458783258473,-1.5682526373095789
0.06777644082114828,0.10256608142764473
-0.3533298692301219,-0.48376409228356093
1.0823987599681437,0.34906204913234223
-0.3533298692301219,0.04082270440295251
-0.3533298692301219,-0.05664760220045264
0.8869367642139765,0.6345833404445038
0.8869367642139765,1.2224233958639203
-0.9468458783258473,1.0395666908174919
-0.9468458783258473,-0.9975900318949158
-0.3533298692301219,0.047859645721665255
0.3944118710543379,1.0188075147861775
-0.9468458783258473,0.7395966782913196
-0.9468458783258473,-0.8207003018614062
0.3944118710543379,0.1057103107258215
0.3944118710543379,0.8741028357368826
-0.9468458783258473,1.3673053541573195
0.06777644082114828,1.599844753198294
3.156686662602098,1.6987157768733563
-0.9468458783258473,-1.4833090938582603
-0.9468458783258473,-0.6408022046968529
-0.3533298692301219,0.3580304439503044
-0.3533298692301219,-1.5005109657487998
-0.9468458783258473,-0.8621619331302605
0.3944118710543379,0.017081647732376238
2.348573867785618,1.706818998076579
-0.3533298692301219,-0.7473215706632343
0.06777644082114828,0.01709243401334533
1.0823987599681437,0.5872423857265064
0.8869367642139765,0.6300730877257901
1.6759147690638698,1.2837966387843578
-0.9468458783258473,-0.6286006432111437
3.363196186932614,2.5036976134602287
-0.3533298692301219,1.1101885223017165
0.8869367642139765,1.6869018295522311
1.6759147690638698,1.0017297868707025
-0.3533298692301219,0.0293908036077441
2.185762829943745,1.5076455311422279
-0.9468458783258473,-1.5530706669292564
0.6612924499168739,-0.529732426826835
1.2548084590125999,1.2897780508530574
-0.9468458783258473,-1.2161486701193474
-0.3533298692301219,-1.1206028974502833
-0.9468458783258473,-1.3038315285108841
0.06777644082114828,-0.8406426824976462
-0.3533298692301219,0.2811478877954608
0.06777644082114828,0.726497776235031
-0.9468458783258473,-1.352186819677523
-0.9468458783258473,-2.6495593369361474
0.3944118710543379,0.6871203924758592
-0.9468458783258473,-0.30098603926547224
0.3944118710543379,0.5832490115430813
-0.9468458783258473,0.19191876898100768
0.8869367642139765,0.37458863225626965
0.8869367642139765,0.8766125097694036
-0.9468458783258473,-1.1662642881343253
0.06777644082114828,0.6218575954472608
-0.9468458783258473,-1.3238033613236582
0.8869367642139765,0.9638277003225563
-0.9468458783258473,0.32505422555386826
-0.9468458783258473,-1.372194174250394
2.423656509348329,1.9809746840199454
0.06777644082114828,0.4767194985321102
-0.9468458783258473,-1.0546127559102874
0.06777644082114828,-0.41732167395967845
-0.9468458783258473,-1.25574123077712
1.2548084590125999,0.7330453692058008
1.9015590833609726,1.5132800083637168
0.06777644082114828,0.011539891237739484
1.7930805312111269,1.6074624905532238
0.3944118710543379,-0.027509835682646012
1.0823987599681437,1.0290853946729888
0.06777644082114828,0.20153592739262424
-0.3533298692301219,-0.447488911858941
1.5485483343593769,0.6505973286468834
1.0823987599681437,1.2623249779432006
-0.3533298692301219,-0.5274926789544984
-0.9468458783258473,-1.0113523577881203
-0.9468458783258473,-1.0862638717682438
-0.9468458783258473,0.16681225277547534
-0.9468458783258473,-1.2839073693354515
0.6612924499168739,-0.00022202406103549402
0.3944118710543379,0.4206032699186777
1.2548084590125999,0.5623721515919362
0.3944118710543379,1.157424587616136
-0.3533298692301219,-0.5154632123522856
3.065169952481378,2.644926791435171
-0.9468458783258473,-0.399861469119844
-0.9468458783258473,-0.16494454632801908
-0.3533298692301219,0.27684014011292113
-0.9468458783258473,-0.6179644633570475
0.3944118710543379,0.02519486610763353
-0.3533298692301219,-0.07880847987152458
1.2548084590125999,1.2474317640695753
-0.9468458783258473,-0.22443522361875498
3.438278828495325,1.8960114923188665
0.06777644082114828,-0.5340804614721408
-0.3533298692301219,-0.4709592955362459
1.5485483343593769,1.1151654072998938
0.3944118710543379,1.3269032592339391
-0.3533298692301219,-0.18357572848159204
2.967547746175524,2.94752116917474
2.0970210791151396,1.804625820594007
-0.9468458783258473,-1.4346764376615428
-0.9468458783258473,0.09918558519249379
-0.3533298692301219,-0.5667836046788247
-0.9468458783258473,-1.153914798130204
-0.9468458783258473,-0.5823033839837012
-0.9468458783258473,-2.3382671766474465
0.3944118710543379,-0.057618029294134426
1.0823987599681437,1.0738224104741687
0.06777644082114828,-0.18799542513243025
-0.9468458783258473,-1.0780422272855197
-0.9468458783258473,-1.5141343617371366
0.06777644082114828,0.3617623554470128
1.5485483343593769,0.6719561860351595
-0.3533298692301219,0.47636108092220614
0.6612924499168739,0.698622109233475
1.0823987599681437,0.4317050975228311
0.3944118710543379,0.8964007231128941
-0.3533298692301219,-0.15786682607850813
-0.9468458783258473,-0.2350215361462007
-0.3533298692301219,-0.6429155204521608
-0.9468458783258473,-0.4688779348744765
-0.3533298692301219,-0.6559140129877354
0.6612924499168739,1.3502066800069867
-0.3533298692301219,-0.36168601538899126
-0.9468458783258473,-1.799470756634136
-0.9468458783258473,0.16435734090441262
-0.9468458783258473,0.6859521918244396
0.06777644082114828,-0.056694912816371984
0.8869367642139765,0.8201403718848242
1.7930805312111269,1.6465921212160912
0.06777644082114828,0.5171045252315215
1.5485483343593769,0.8114131886527506
0.3944118710543379,0.7353743273463514
-0.9468458783258473,-1.9315116359944586
-0.3533298692301219,-0.8261884696466553
0.3944118710543379,-0.44199526623386637
-0.9468458783258473,-0.49872688876625715
0.3944118710543379,0.09742167733177177
2.423656509348329,1.4636323872141812
-0.3533298692301219,-0.31189397592746426
0.06777644082114828,-0.014916320221378414
0.06777644082114828,-0.32437264107553493
2.348573867785618,1.6427477286627081
0.3944118710543379,0.30376406748391915
1.0823987599681437,0.9278312435859426
0.06777644082114828,-0.3032362381987049
-0.9468458783258473,-1.0857930039010646
-0.9468458783258473,-1.1230649634271281
0.06777644082114828,-0.5529212279480664
-0.9468458783258473,-2.8058023449208216
1.0823987599681437,1.303919068067701
0.06777644082114828,0.3852540171841099
-0.9468458783258473,-1.0269045494648126
-0.9468458783258473,-2.1749804233402683
-0.3533298692301219,-0.16735851038158778
-0.9468458783258473,-0.3459636039269445
0.06777644082114828,1.1192711580474706
0.06777644082114828,-0.11012804929191626
-0.9468458783258473,-0.7626339846593923
-0.3533298692301219,-0.28637012198383893
0.3944118710543379,0.6538895638612944
-0.9468458783258473,-1.0372283397628226
-0.9468458783258473,-1.0400929075339904
-0.9468458783258473,-0.7024575872098112
-0.9468458783258473,-0.6814768561598038
-0.9468458783258473,-1.391083519391037
-0.9468458783258473,-2.5086996640431187
1.0823987599681437,0.1885304964050558
-0.9468458783258473,-0.37878414382132525
0.3944118710543379,-0.2951171610518922
-0.3533298692301219,1.2391493755762784
-0.9468458783258473,-1.0217131654547746
1.9015590833609726,1.4920147303226865
-0.9468458783258473,-0.6392086259511573
0.6612924499168739,1.553557752218295
-0.9468458783258473,-0.5513834896040969
-0.9468458783258473,-0.20903552854794039
-0.9468458783258473,-0.555851096263299
0.3944118710543379,0.543750520647077
1.2548084590125999,0.9369456941229661
0.06777644082114828,1.0210472068205612
0.3944118710543379,0.7151716491571574
2.0970210791151396,1.8201922470356051
2.423656509348329,2.410210989982817
-0.9468458783258473,-0.6605540731170991
0.8869367642139765,0.9138212397761396
0.6612924499168739,0.2893491032637432
-0.3533298692301219,-0.7278792028249977
1.0823987599681437,0.46154458203846466
-0.9468458783258473,-1.3356441398148429
0.6612924499168739,0.19053912792379477
0.06777644082114828,0.36216893194181793
-0.9468458783258473,-0.5594343586877139
-0.9468458783258473,-0.7048467303615491
0.3944118710543379,-0.026746103741385256
3.9308037216549643,1.9693786167807028
-0.9468458783258473,-1.1237826253726364
-0.9468458783258473,-1.431308489554945
0.6612924499168739,1.043536837242566
-0.3533298692301219,-0.0036794036789113446
0.6612924499168739,1.3585272920235991
-0.9468458783258473,-1.5724865324656907
2.862946787255321,2.163707173136588
2.0970210791151396,1.4929620560082684
-0.3533298692301219,0.5873217329353647
-0.9468458783258473,-1.1275609456081312
0.8869367642139765,1.1834568814287048
